順位,レート,ポケモンID_1,ポケモン_1,フォルム_1,タイプ1_1,タイプ2_1,カテゴリー_1,テラスタイプ_1,持ち物_1,ポケモンID_2,ポケモン_2,フォルム_2,タイプ1_2,タイプ2_2,カテゴリー_2,テラスタイプ_2,持ち物_2,ポケモンID_3,ポケモン_3,フォルム_3,タイプ1_3,タイプ2_3,カテゴリー_3,テラスタイプ_3,持ち物_3,ポケモンID_4,ポケモン_4,フォルム_4,タイプ1_4,タイプ2_4,カテゴリー_4,テラスタイプ_4,持ち物_4,ポケモンID_5,ポケモン_5,フォルム_5,タイプ1_5,タイプ2_5,カテゴリー_5,テラスタイプ_5,持ち物_5,ポケモンID_6,ポケモン_6,フォルム_6,タイプ1_6,タイプ2_6,カテゴリー_6,テラスタイプ_6,持ち物_6
1,2615.671,0094-00,ゲンガー,,ゴースト,どく,一般,,ゲンガナイト,0939-00,ハラバリー,,でんき,,一般,,たべのこし,0547-00,エルフーン,,くさ,フェアリー,一般,,きあいのタスキ,0823-00,アーマーガア,,ひこう,はがね,一般,,オボンのみ,0503-01,ダイケンキ,ヒスイのすがた,みず,あく,一般,,くろいメガネ,0121-00,スターミー,,みず,エスパー,一般,,スターミナイト
2,2600.768,0376-00,メタグロス,,はがね,エスパー,一般,,メタグロスナイト,0450-00,カバルドン,,じめん,,一般,,オボンのみ,0778-00,ミミッキュ,ばけたすがた,ゴースト,フェアリー,一般,,いのちのたま,0730-00,アシレーヌ,,みず,フェアリー,一般,,たべのこし,1018-00,ブリジュラス,,はがね,ドラゴン,一般,,こだわりスカーフ,0149-00,カイリュー,,ドラゴン,ひこう,一般,,カイリュナイト
3,2597.278,0479-02,ロトム,ウォッシュロトム,でんき,みず,一般,,こだわりスカーフ,0778-00,ミミッキュ,ばけたすがた,ゴースト,フェアリー,一般,,いのちのたま,0445-00,ガブリアス,,ドラゴン,じめん,一般,,オボンのみ,0655-00,マフォクシー,,ほのお,エスパー,一般,,マフォクシナイト,0670-05,フラエッテ,えいえんのはな,フェアリー,,一般,,フラエッテナイト,0212-00,ハッサム,,むし,はがね,一般,,メタルコート
6,2589.529,0376-00,メタグロス,,はがね,エスパー,一般,,メタグロスナイト,0450-00,カバルドン,,じめん,,一般,,オボンのみ,0730-00,アシレーヌ,,みず,フェアリー,一般,,たべのこし,0908-00,マスカーニャ,,くさ,あく,一般,,いのちのたま,0130-00,ギャラドス,,みず,ひこう,一般,,ギャラドスナイト,0983-00,ドドゲザン,,あく,はがね,一般,,ラムのみ
8,2584.556,0450-00,カバルドン,,じめん,,一般,,オボンのみ,0448-00,ルカリオ,,かくとう,はがね,一般,,ルカリオナイト,0149-00,カイリュー,,ドラゴン,ひこう,一般,,いのちのたま,0038-01,キュウコン,アローラのすがた,こおり,フェアリー,一般,,ひかりのねんど,0479-02,ロトム,ウォッシュロトム,でんき,みず,一般,,たべのこし,0902-00,イダイトウ,オスのすがた,みず,ゴースト,一般,,こだわりスカーフ
9,2579.308,0450-00,カバルドン,,じめん,,一般,,たべのこし,0428-00,ミミロップ,,ノーマル,,一般,,ミミロップナイト,0681-00,ギルガルド,シールドフォルム,はがね,ゴースト,一般,,のろいのおふだ,0970-00,キラフロル,,いわ,どく,一般,,きあいのタスキ,0121-00,スターミー,,みず,エスパー,一般,,スターミナイト,0908-00,マスカーニャ,,くさ,あく,一般,,こだわりスカーフ
10,2577.209,0450-00,カバルドン,,じめん,,一般,,オボンのみ,1018-00,ブリジュラス,,はがね,ドラゴン,一般,,カゴのみ,0130-00,ギャラドス,,みず,ひこう,一般,,たべのこし,0681-00,ギルガルド,シールドフォルム,はがね,ゴースト,一般,,のろいのおふだ,0445-00,ガブリアス,,ドラゴン,じめん,一般,,ラムのみ,0670-05,フラエッテ,えいえんのはな,フェアリー,,一般,,フラエッテナイト
11,2568.884,1018-00,ブリジュラス,,はがね,ドラゴン,一般,,オボンのみ,0450-00,カバルドン,,じめん,,一般,,たべのこし,0121-00,スターミー,,みず,エスパー,一般,,スターミナイト,0670-05,フラエッテ,えいえんのはな,フェアリー,,一般,,フラエッテナイト,0908-00,マスカーニャ,,くさ,あく,一般,,こだわりスカーフ,0681-00,ギルガルド,シールドフォルム,はがね,ゴースト,一般,,のろいのおふだ
12,2568.656,0376-00,メタグロス,,はがね,エスパー,一般,,メタグロスナイト,0450-00,カバルドン,,じめん,,一般,,たべのこし,0730-00,アシレーヌ,,みず,フェアリー,一般,,オボンのみ,0635-00,サザンドラ,,あく,ドラゴン,一般,,こだわりスカーフ,0445-00,ガブリアス,,ドラゴン,じめん,一般,,きあいのタスキ,0094-00,ゲンガー,,ゴースト,どく,一般,,ゲンガナイト
13,2566.750,0655-00,マフォクシー,,ほのお,エスパー,一般,,マフォクシナイト,0445-00,ガブリアス,,ドラゴン,じめん,一般,,きあいのタスキ,1000-00,サーフゴー,,はがね,ゴースト,一般,,こだわりスカーフ,0778-00,ミミッキュ,ばけたすがた,ゴースト,フェアリー,一般,,いのちのたま,0130-00,ギャラドス,,みず,ひこう,一般,,ギャラドスナイト,0700-00,ニンフィア,,フェアリー,,一般,,たべのこし
14,2561.797,0450-00,カバルドン,,じめん,,一般,,オボンのみ,0130-00,ギャラドス,,みず,ひこう,一般,,ギャラドスナイト,0983-00,ドドゲザン,,あく,はがね,一般,,ラムのみ,0730-00,アシレーヌ,,みず,フェアリー,一般,,たべのこし,0376-00,メタグロス,,はがね,エスパー,一般,,メタグロスナイト,0887-00,ドラパルト,,ドラゴン,ゴースト,一般,,いのちのたま
16,2546.075,0376-00,メタグロス,,はがね,エスパー,一般,,メタグロスナイト,0658-00,ゲッコウガ,,みず,あく,一般,,きあいのタスキ,0445-00,ガブリアス,,ドラゴン,じめん,一般,,ラムのみ,0149-00,カイリュー,,ドラゴン,ひこう,一般,,カイリュナイト,0939-00,ハラバリー,,でんき,,一般,,オボンのみ,0778-00,ミミッキュ,ばけたすがた,ゴースト,フェアリー,一般,,いのちのたま
23,2529.746,0279-00,ペリッパー,,みず,ひこう,一般,,こだわりスカーフ,0260-00,ラグラージ,,みず,じめん,一般,,ラグラージナイト,1018-00,ブリジュラス,,はがね,ドラゴン,一般,,たべのこし,0908-00,マスカーニャ,,くさ,あく,一般,,いのちのたま,0445-00,ガブリアス,,ドラゴン,じめん,一般,,きあいのタスキ,0376-00,メタグロス,,はがね,エスパー,一般,,メタグロスナイト
26,2522.351,0154-00,メガニウム,,くさ,,一般,,メガニウムナイト,0655-00,マフォクシー,,ほのお,エスパー,一般,,マフォクシナイト,0748-00,ドヒドイデ,,どく,みず,一般,,たべのこし,0450-00,カバルドン,,じめん,,一般,,オボンのみ,0503-01,ダイケンキ,ヒスイのすがた,みず,あく,一般,,くろいメガネ,1018-00,ブリジュラス,,はがね,ドラゴン,一般,,こだわりスカーフ
27,2522.149,0445-00,ガブリアス,,ドラゴン,じめん,一般,,ラムのみ,0026-00,ライチュウ,,でんき,,一般,,ライチュウナイトＹ,0450-00,カバルドン,,じめん,,一般,,オボンのみ,0902-00,イダイトウ,オスのすがた,みず,ゴースト,一般,,こだわりスカーフ,0778-00,ミミッキュ,ばけたすがた,ゴースト,フェアリー,一般,,いのちのたま,0212-00,ハッサム,,むし,はがね,一般,,ハッサムナイト
28,2521.765,0376-00,メタグロス,,はがね,エスパー,一般,,メタグロスナイト,0445-00,ガブリアス,,ドラゴン,じめん,一般,,きあいのタスキ,0635-00,サザンドラ,,あく,ドラゴン,一般,,こだわりスカーフ,0094-00,ゲンガー,,ゴースト,どく,一般,,ゲンガナイト,0730-00,アシレーヌ,,みず,フェアリー,一般,,オボンのみ,0479-02,ロトム,ウォッシュロトム,でんき,みず,一般,,たべのこし
29,2520.073,0670-05,フラエッテ,えいえんのはな,フェアリー,,一般,,フラエッテナイト,0450-00,カバルドン,,じめん,,一般,,オボンのみ,0149-00,カイリュー,,ドラゴン,ひこう,一般,,カイリュナイト,0681-00,ギルガルド,シールドフォルム,はがね,ゴースト,一般,,たべのこし,0908-00,マスカーニャ,,くさ,あく,一般,,こだわりスカーフ,0970-00,キラフロル,,いわ,どく,一般,,きあいのタスキ
30,2516.458,0448-00,ルカリオ,,かくとう,はがね,一般,,ルカリオナイト,0778-00,ミミッキュ,ばけたすがた,ゴースト,フェアリー,一般,,いのちのたま,0450-00,カバルドン,,じめん,,一般,,たべのこし,0006-00,リザードン,,ほのお,ひこう,一般,,リザードナイトＹ,0730-00,アシレーヌ,,みず,フェアリー,一般,,こだわりスカーフ,0445-00,ガブリアス,,ドラゴン,じめん,一般,,きあいのタスキ
31,2516.063,0130-00,ギャラドス,,みず,ひこう,一般,,ギャラドスナイト,1000-00,サーフゴー,,はがね,ゴースト,一般,,シュカのみ,0479-02,ロトム,ウォッシュロトム,でんき,みず,一般,,たべのこし,0038-01,キュウコン,アローラのすがた,こおり,フェアリー,一般,,ひかりのねんど,0445-00,ガブリアス,,ドラゴン,じめん,一般,,きあいのタスキ,0257-00,バシャーモ,,ほのお,かくとう,一般,,オボンのみ
33,2514.080,0956-00,クエスパトラ,,エスパー,,一般,,メンタルハーブ,0545-00,ペンドラー,,むし,どく,一般,,きあいのタスキ,0130-00,ギャラドス,,みず,ひこう,一般,,ギャラドスナイト,0036-00,ピクシー,,フェアリー,,一般,,ピクシナイト,0687-00,カラマネロ,,あく,エスパー,一般,,たべのこし,1018-00,ブリジュラス,,はがね,ドラゴン,一般,,しろいハーブ
34,2512.605,0127-00,カイロス,,むし,,一般,,カイロスナイト,0752-00,オニシズクモ,,みず,むし,一般,,きあいのタスキ,1000-00,サーフゴー,,はがね,ゴースト,一般,,シュカのみ,0130-00,ギャラドス,,みず,ひこう,一般,,ギャラドスナイト,0450-00,カバルドン,,じめん,,一般,,オボンのみ,0861-00,オーロンゲ,,あく,フェアリー,一般,,ひかりのねんど
35,2510.587,0130-00,ギャラドス,,みず,ひこう,一般,,ギャラドスナイト,0257-00,バシャーモ,,ほのお,かくとう,一般,,バシャーモナイト,0445-00,ガブリアス,,ドラゴン,じめん,一般,,ラムのみ,0212-00,ハッサム,,むし,はがね,一般,,いのちのたま,0094-00,ゲンガー,,ゴースト,どく,一般,,きあいのタスキ,0670-05,フラエッテ,えいえんのはな,フェアリー,,一般,,こだわりスカーフ
36,2510.422,0450-00,カバルドン,,じめん,,一般,,オボンのみ,0149-00,カイリュー,,ドラゴン,ひこう,一般,,カイリュナイト,0681-00,ギルガルド,シールドフォルム,はがね,ゴースト,一般,,たべのこし,0908-00,マスカーニャ,,くさ,あく,一般,,こだわりスカーフ,0658-00,ゲッコウガ,,みず,あく,一般,,ゲッコウガナイト,0778-00,ミミッキュ,ばけたすがた,ゴースト,フェアリー,一般,,いのちのたま
37,2510.369,0655-00,マフォクシー,,ほのお,エスパー,一般,,マフォクシナイト,0908-00,マスカーニャ,,くさ,あく,一般,,こだわりスカーフ,0450-00,カバルドン,,じめん,,一般,,たべのこし,0038-01,キュウコン,アローラのすがた,こおり,フェアリー,一般,,ひかりのねんど,0130-00,ギャラドス,,みず,ひこう,一般,,ギャラドスナイト,1018-00,ブリジュラス,,はがね,ドラゴン,一般,,オボンのみ
40,2507.398,0376-00,メタグロス,,はがね,エスパー,一般,,メタグロスナイト,0445-00,ガブリアス,,ドラゴン,じめん,一般,,きあいのタスキ,0700-00,ニンフィア,,フェアリー,,一般,,たべのこし,0149-00,カイリュー,,ドラゴン,ひこう,一般,,カイリュナイト,1018-00,ブリジュラス,,はがね,ドラゴン,一般,,ピントレンズ,0902-00,イダイトウ,オスのすがた,みず,ゴースト,一般,,こだわりスカーフ
42,2505.772,0450-00,カバルドン,,じめん,,一般,,オボンのみ,0376-00,メタグロス,,はがね,エスパー,一般,,メタグロスナイト,0635-00,サザンドラ,,あく,ドラゴン,一般,,こだわりスカーフ,0479-02,ロトム,ウォッシュロトム,でんき,みず,一般,,たべのこし,0448-00,ルカリオ,,かくとう,はがね,一般,,ルカリオナイト,0778-00,ミミッキュ,ばけたすがた,ゴースト,フェアリー,一般,,いのちのたま
43,2505.654,0149-00,カイリュー,,ドラゴン,ひこう,一般,,カイリュナイト,0212-00,ハッサム,,むし,はがね,一般,,ハッサムナイト,0450-00,カバルドン,,じめん,,一般,,オボンのみ,0658-00,ゲッコウガ,,みず,あく,一般,,きあいのタスキ,1000-00,サーフゴー,,はがね,ゴースト,一般,,いのちのたま,0635-00,サザンドラ,,あく,ドラゴン,一般,,こだわりスカーフ
44,2505.059,0154-00,メガニウム,,くさ,,一般,,メガニウムナイト,0655-00,マフォクシー,,ほのお,エスパー,一般,,マフォクシナイト,0730-00,アシレーヌ,,みず,フェアリー,一般,,ソクノのみ,0445-00,ガブリアス,,ドラゴン,じめん,一般,,きあいのタスキ,0197-00,ブラッキー,,あく,,一般,,たべのこし,0970-00,キラフロル,,いわ,どく,一般,,オボンのみ
50,2499.554,0006-00,リザードン,,ほのお,ひこう,一般,,リザードナイトＹ,0197-00,ブラッキー,,あく,,一般,,たべのこし,0584-00,バイバニラ,,こおり,,一般,,きあいのタスキ,0121-00,スターミー,,みず,エスパー,一般,,スターミナイト,0445-00,ガブリアス,,ドラゴン,じめん,一般,,こだわりスカーフ,1018-00,ブリジュラス,,はがね,ドラゴン,一般,,オボンのみ
54,2492.112,0003-00,フシギバナ,,くさ,どく,一般,,フシギバナイト,0445-00,ガブリアス,,ドラゴン,じめん,一般,,きあいのタスキ,0700-00,ニンフィア,,フェアリー,,一般,,たべのこし,0655-00,マフォクシー,,ほのお,エスパー,一般,,マフォクシナイト,0635-00,サザンドラ,,あく,ドラゴン,一般,,オボンのみ,0658-00,ゲッコウガ,,みず,あく,一般,,いのちのたま
55,2490.931,0448-00,ルカリオ,,かくとう,はがね,一般,,ルカリオナイト,0450-00,カバルドン,,じめん,,一般,,オボンのみ,0778-00,ミミッキュ,ばけたすがた,ゴースト,フェアリー,一般,,ピントレンズ,1018-00,ブリジュラス,,はがね,ドラゴン,一般,,こだわりスカーフ,0130-00,ギャラドス,,みず,ひこう,一般,,ギャラドスナイト,0637-00,ウルガモス,,むし,ほのお,一般,,きあいのタスキ
56,2490.376,0006-00,リザードン,,ほのお,ひこう,一般,,リザードナイトＹ,0212-00,ハッサム,,むし,はがね,一般,,たべのこし,0445-00,ガブリアス,,ドラゴン,じめん,一般,,きあいのタスキ,0094-00,ゲンガー,,ゴースト,どく,一般,,ゲンガナイト,0730-00,アシレーヌ,,みず,フェアリー,一般,,オボンのみ,0503-01,ダイケンキ,ヒスイのすがた,みず,あく,一般,,くろいメガネ
58,2489.529,0398-00,ムクホーク,,ノーマル,ひこう,一般,,ムクホークナイト,0445-00,ガブリアス,,ドラゴン,じめん,一般,,オボンのみ,0681-00,ギルガルド,シールドフォルム,はがね,ゴースト,一般,,たべのこし,0908-00,マスカーニャ,,くさ,あく,一般,,きあいのタスキ,0730-00,アシレーヌ,,みず,フェアリー,一般,,カゴのみ,0130-00,ギャラドス,,みず,ひこう,一般,,ギャラドスナイト
59,2488.998,0970-00,キラフロル,,いわ,どく,一般,,きあいのタスキ,0154-00,メガニウム,,くさ,,一般,,メガニウムナイト,0450-00,カバルドン,,じめん,,一般,,たべのこし,0130-00,ギャラドス,,みず,ひこう,一般,,ギャラドスナイト,0681-00,ギルガルド,シールドフォルム,はがね,ゴースト,一般,,のろいのおふだ,1018-00,ブリジュラス,,はがね,ドラゴン,一般,,りゅうのキバ
61,2487.266,0448-00,ルカリオ,,かくとう,はがね,一般,,ルカリオナイト,0655-00,マフォクシー,,ほのお,エスパー,一般,,マフォクシナイト,0445-00,ガブリアス,,ドラゴン,じめん,一般,,こだわりスカーフ,0503-01,ダイケンキ,ヒスイのすがた,みず,あく,一般,,オボンのみ,0038-01,キュウコン,アローラのすがた,こおり,フェアリー,一般,,ひかりのねんど,0970-00,キラフロル,,いわ,どく,一般,,きあいのタスキ
62,2486.928,0149-00,カイリュー,,ドラゴン,ひこう,一般,,カイリュナイト,0681-00,ギルガルド,シールドフォルム,はがね,ゴースト,一般,,たべのこし,0450-00,カバルドン,,じめん,,一般,,オボンのみ,0908-00,マスカーニャ,,くさ,あく,一般,,こだわりスカーフ,0445-00,ガブリアス,,ドラゴン,じめん,一般,,きあいのタスキ,0670-05,フラエッテ,えいえんのはな,フェアリー,,一般,,フラエッテナイト
64,2486.109,0303-00,クチート,,はがね,フェアリー,一般,,クチートナイト,0479-01,ロトム,ヒートロトム,でんき,ほのお,一般,,こだわりスカーフ,0730-00,アシレーヌ,,みず,フェアリー,一般,,オボンのみ,0778-00,ミミッキュ,ばけたすがた,ゴースト,フェアリー,一般,,こうかくレンズ,0445-00,ガブリアス,,ドラゴン,じめん,一般,,ラムのみ,0450-00,カバルドン,,じめん,,一般,,たべのこし
66,2485.823,0445-00,ガブリアス,,ドラゴン,じめん,一般,,きあいのタスキ,0681-00,ギルガルド,シールドフォルム,はがね,ゴースト,一般,,たべのこし,0149-00,カイリュー,,ドラゴン,ひこう,一般,,カイリュナイト,0730-00,アシレーヌ,,みず,フェアリー,一般,,オボンのみ,0908-00,マスカーニャ,,くさ,あく,一般,,こだわりスカーフ,0448-00,ルカリオ,,かくとう,はがね,一般,,ルカリオナイト
67,2485.471,0748-00,ドヒドイデ,,どく,みず,一般,,オボンのみ,1018-00,ブリジュラス,,はがね,ドラゴン,一般,,りゅうのキバ,0445-00,ガブリアス,,ドラゴン,じめん,一般,,こだわりスカーフ,0902-00,イダイトウ,オスのすがた,みず,ゴースト,一般,,しんぴのしずく,0197-00,ブラッキー,,あく,,一般,,たべのこし,0094-00,ゲンガー,,ゴースト,どく,一般,,ゲンガナイト
68,2484.123,0154-00,メガニウム,,くさ,,一般,,メガニウムナイト,1000-00,サーフゴー,,はがね,ゴースト,一般,,こだわりスカーフ,0450-00,カバルドン,,じめん,,一般,,オボンのみ,0009-00,カメックス,,みず,,一般,,カメックスナイト,0706-01,ヌメルゴン,ヒスイのすがた,はがね,ドラゴン,一般,,たべのこし,0748-00,ドヒドイデ,,どく,みず,一般,,メンタルハーブ
70,2483.645,0450-00,カバルドン,,じめん,,一般,,たべのこし,0006-00,リザードン,,ほのお,ひこう,一般,,リザードナイトＹ,0778-00,ミミッキュ,ばけたすがた,ゴースト,フェアリー,一般,,いのちのたま,0730-00,アシレーヌ,,みず,フェアリー,一般,,オボンのみ,0376-00,メタグロス,,はがね,エスパー,一般,,メタグロスナイト,0908-00,マスカーニャ,,くさ,あく,一般,,こだわりスカーフ
71,2483.604,0094-00,ゲンガー,,ゴースト,どく,一般,,ゲンガナイト,0197-00,ブラッキー,,あく,,一般,,たべのこし,0445-00,ガブリアス,,ドラゴン,じめん,一般,,こだわりスカーフ,0902-00,イダイトウ,オスのすがた,みず,ゴースト,一般,,しんぴのしずく,0428-00,ミミロップ,,ノーマル,,一般,,ミミロップナイト,0778-00,ミミッキュ,ばけたすがた,ゴースト,フェアリー,一般,,ピントレンズ
75,2482.250,1018-00,ブリジュラス,,はがね,ドラゴン,一般,,しろいハーブ,0778-00,ミミッキュ,ばけたすがた,ゴースト,フェアリー,一般,,いのちのたま,0902-00,イダイトウ,オスのすがた,みず,ゴースト,一般,,のろいのおふだ,0009-00,カメックス,,みず,,一般,,カメックスナイト,0655-00,マフォクシー,,ほのお,エスパー,一般,,マフォクシナイト,0983-00,ドドゲザン,,あく,はがね,一般,,きあいのタスキ
76,2481.167,0026-00,ライチュウ,,でんき,,一般,,ライチュウナイトＹ,0968-00,ミミズズ,,はがね,,一般,,オボンのみ,0730-00,アシレーヌ,,みず,フェアリー,一般,,しんぴのしずく,0450-00,カバルドン,,じめん,,一般,,たべのこし,0902-00,イダイトウ,オスのすがた,みず,ゴースト,一般,,いのちのたま,0006-00,リザードン,,ほのお,ひこう,一般,,リザードナイトＸ
77,2481.155,0450-00,カバルドン,,じめん,,一般,,オボンのみ,0149-00,カイリュー,,ドラゴン,ひこう,一般,,カイリュナイト,0681-00,ギルガルド,シールドフォルム,はがね,ゴースト,一般,,たべのこし,0908-00,マスカーニャ,,くさ,あく,一般,,こだわりスカーフ,0227-00,エアームド,,はがね,ひこう,一般,,エアームドナイト,0257-00,バシャーモ,,ほのお,かくとう,一般,,バシャーモナイト
79,2480.990,0254-00,ジュカイン,,くさ,,一般,,ジュカインナイト,0655-00,マフォクシー,,ほのお,エスパー,一般,,マフォクシナイト,0730-00,アシレーヌ,,みず,フェアリー,一般,,カゴのみ,0450-00,カバルドン,,じめん,,一般,,たべのこし,1018-00,ブリジュラス,,はがね,ドラゴン,一般,,オボンのみ,0983-00,ドドゲザン,,あく,はがね,一般,,くろいメガネ
81,2480.051,0257-00,バシャーモ,,ほのお,かくとう,一般,,バシャーモナイト,0094-00,ゲンガー,,ゴースト,どく,一般,,ゲンガナイト,0658-00,ゲッコウガ,,みず,あく,一般,,ゲッコウガナイト,0908-00,マスカーニャ,,くさ,あく,一般,,きあいのタスキ,1018-00,ブリジュラス,,はがね,ドラゴン,一般,,オボンのみ,0450-00,カバルドン,,じめん,,一般,,たべのこし
84,2478.932,0376-00,メタグロス,,はがね,エスパー,一般,,メタグロスナイト,0445-00,ガブリアス,,ドラゴン,じめん,一般,,オボンのみ,0503-01,ダイケンキ,ヒスイのすがた,みず,あく,一般,,こだわりスカーフ,0094-00,ゲンガー,,ゴースト,どく,一般,,きあいのタスキ,0823-00,アーマーガア,,ひこう,はがね,一般,,たべのこし,0730-00,アシレーヌ,,みず,フェアリー,一般,,ソクノのみ
85,2478.629,0445-00,ガブリアス,,ドラゴン,じめん,一般,,きあいのタスキ,0212-00,ハッサム,,むし,はがね,一般,,ハッサムナイト,0778-00,ミミッキュ,ばけたすがた,ゴースト,フェアリー,一般,,いのちのたま,0658-00,ゲッコウガ,,みず,あく,一般,,ゲッコウガナイト,0006-00,リザードン,,ほのお,ひこう,一般,,リザードナイトＹ,0038-01,キュウコン,アローラのすがた,こおり,フェアリー,一般,,ひかりのねんど
87,2477.755,0547-00,エルフーン,,くさ,フェアリー,一般,,きあいのタスキ,0655-00,マフォクシー,,ほのお,エスパー,一般,,マフォクシナイト,0376-00,メタグロス,,はがね,エスパー,一般,,メタグロスナイト,0503-01,ダイケンキ,ヒスイのすがた,みず,あく,一般,,くろいメガネ,0778-00,ミミッキュ,ばけたすがた,ゴースト,フェアリー,一般,,いのちのたま,1018-00,ブリジュラス,,はがね,ドラゴン,一般,,しろいハーブ
89,2477.388,0445-00,ガブリアス,,ドラゴン,じめん,一般,,きあいのタスキ,0902-00,イダイトウ,オスのすがた,みず,ゴースト,一般,,しんぴのしずく,0154-00,メガニウム,,くさ,,一般,,メガニウムナイト,0303-00,クチート,,はがね,フェアリー,一般,,クチートナイト,0778-00,ミミッキュ,ばけたすがた,ゴースト,フェアリー,一般,,いのちのたま,0635-00,サザンドラ,,あく,ドラゴン,一般,,たべのこし
91,2477.164,0376-00,メタグロス,,はがね,エスパー,一般,,メタグロスナイト,0730-00,アシレーヌ,,みず,フェアリー,一般,,たべのこし,0635-00,サザンドラ,,あく,ドラゴン,一般,,こだわりスカーフ,0584-00,バイバニラ,,こおり,,一般,,とけないこおり,0428-00,ミミロップ,,ノーマル,,一般,,ミミロップナイト,0902-00,イダイトウ,オスのすがた,みず,ゴースト,一般,,しんぴのしずく
92,2477.094,0212-00,ハッサム,,むし,はがね,一般,,たべのこし,0473-00,マンムー,,こおり,じめん,一般,,きあいのタスキ,0635-00,サザンドラ,,あく,ドラゴン,一般,,こだわりスカーフ,0121-00,スターミー,,みず,エスパー,一般,,スターミナイト,0970-00,キラフロル,,いわ,どく,一般,,オボンのみ,0475-00,エルレイド,,エスパー,かくとう,一般,,ラムのみ
93,2476.962,0254-00,ジュカイン,,くさ,,一般,,ジュカインナイト,0450-00,カバルドン,,じめん,,一般,,オボンのみ,0937-00,ソウブレイズ,,ほのお,ゴースト,一般,,シュカのみ,1018-00,ブリジュラス,,はがね,ドラゴン,一般,,ピントレンズ,0730-00,アシレーヌ,,みず,フェアリー,一般,,たべのこし,0952-00,スコヴィラン,,くさ,ほのお,一般,,スコヴィラナイト
96,2476.274,0450-00,カバルドン,,じめん,,一般,,たべのこし,0530-00,ドリュウズ,,じめん,はがね,一般,,こだわりスカーフ,0094-00,ゲンガー,,ゴースト,どく,一般,,ゲンガナイト,0376-00,メタグロス,,はがね,エスパー,一般,,メタグロスナイト,0635-00,サザンドラ,,あく,ドラゴン,一般,,オボンのみ,0730-00,アシレーヌ,,みず,フェアリー,一般,,きあいのタスキ
105,2470.112,0006-00,リザードン,,ほのお,ひこう,一般,,リザードナイトＹ,0445-00,ガブリアス,,ドラゴン,じめん,一般,,ラムのみ,0670-05,フラエッテ,えいえんのはな,フェアリー,,一般,,フラエッテナイト,0635-00,サザンドラ,,あく,ドラゴン,一般,,こだわりスカーフ,0681-00,ギルガルド,シールドフォルム,はがね,ゴースト,一般,,いのちのたま,0450-00,カバルドン,,じめん,,一般,,たべのこし
107,2466.565,0655-00,マフォクシー,,ほのお,エスパー,一般,,マフォクシナイト,0197-00,ブラッキー,,あく,,一般,,たべのこし,0970-00,キラフロル,,いわ,どく,一般,,きあいのタスキ,0003-00,フシギバナ,,くさ,どく,一般,,フシギバナイト,0445-00,ガブリアス,,ドラゴン,じめん,一般,,オボンのみ,0908-00,マスカーニャ,,くさ,あく,一般,,たつじんのおび
112,2464.163,0149-00,カイリュー,,ドラゴン,ひこう,一般,,カイリュナイト,0303-00,クチート,,はがね,フェアリー,一般,,クチートナイト,0778-00,ミミッキュ,ばけたすがた,ゴースト,フェアリー,一般,,いのちのたま,0902-01,イダイトウ,メスのすがた,みず,ゴースト,一般,,しんぴのしずく,1018-00,ブリジュラス,,はがね,ドラゴン,一般,,オボンのみ,0445-00,ガブリアス,,ドラゴン,じめん,一般,,こだわりスカーフ
114,2462.537,0450-00,カバルドン,,じめん,,一般,,たべのこし,0655-00,マフォクシー,,ほのお,エスパー,一般,,マフォクシナイト,0983-00,ドドゲザン,,あく,はがね,一般,,ラムのみ,0908-00,マスカーニャ,,くさ,あく,一般,,こだわりスカーフ,0395-00,エンペルト,,みず,はがね,一般,,シュカのみ,0445-00,ガブリアス,,ドラゴン,じめん,一般,,きあいのタスキ
115,2462.530,0670-05,フラエッテ,えいえんのはな,フェアリー,,一般,,フラエッテナイト,0445-00,ガブリアス,,ドラゴン,じめん,一般,,こだわりスカーフ,0212-00,ハッサム,,むし,はがね,一般,,たべのこし,0902-00,イダイトウ,オスのすがた,みず,ゴースト,一般,,いのちのたま,0730-00,アシレーヌ,,みず,フェアリー,一般,,オボンのみ,0668-00,カエンジシ,,ほのお,ノーマル,一般,,カエンジシナイト
120,2454.257,0392-00,ゴウカザル,,ほのお,かくとう,一般,,イトケのみ,0547-00,エルフーン,,くさ,フェアリー,一般,,たべのこし,0376-00,メタグロス,,はがね,エスパー,一般,,メタグロスナイト,0778-00,ミミッキュ,ばけたすがた,ゴースト,フェアリー,一般,,いのちのたま,0681-00,ギルガルド,シールドフォルム,はがね,ゴースト,一般,,きあいのタスキ,0130-00,ギャラドス,,みず,ひこう,一般,,ギャラドスナイト
121,2452.829,0445-00,ガブリアス,,ドラゴン,じめん,一般,,きあいのタスキ,0700-00,ニンフィア,,フェアリー,,一般,,たべのこし,0428-00,ミミロップ,,ノーマル,,一般,,ミミロップナイト,1018-00,ブリジュラス,,はがね,ドラゴン,一般,,オボンのみ,0121-00,スターミー,,みず,エスパー,一般,,スターミナイト,0635-00,サザンドラ,,あく,ドラゴン,一般,,くろいメガネ
131,2446.029,0026-00,ライチュウ,,でんき,,一般,,ライチュウナイトＹ,0445-00,ガブリアス,,ドラゴン,じめん,一般,,きあいのタスキ,1018-00,ブリジュラス,,はがね,ドラゴン,一般,,りゅうのキバ,0121-00,スターミー,,みず,エスパー,一般,,スターミナイト,0823-00,アーマーガア,,ひこう,はがね,一般,,オボンのみ,0143-00,カビゴン,,ノーマル,,一般,,たべのこし
133,2441.933,0545-00,ペンドラー,,むし,どく,一般,,ペンドラナイト,0937-00,ソウブレイズ,,ほのお,ゴースト,一般,,きあいのタスキ,0038-01,キュウコン,アローラのすがた,こおり,フェアリー,一般,,ひかりのねんど,0778-00,ミミッキュ,ばけたすがた,ゴースト,フェアリー,一般,,いのちのたま,0009-00,カメックス,,みず,,一般,,カメックスナイト,0952-00,スコヴィラン,,くさ,ほのお,一般,,スコヴィラナイト
136,2439.063,0149-00,カイリュー,,ドラゴン,ひこう,一般,,カイリュナイト,0637-00,ウルガモス,,むし,ほのお,一般,,オボンのみ,0445-00,ガブリアス,,ドラゴン,じめん,一般,,こだわりスカーフ,0121-00,スターミー,,みず,エスパー,一般,,スターミナイト,0584-00,バイバニラ,,こおり,,一般,,たべのこし,0681-00,ギルガルド,シールドフォルム,はがね,ゴースト,一般,,いのちのたま
141,2437.079,0303-00,クチート,,はがね,フェアリー,一般,,クチートナイト,0635-00,サザンドラ,,あく,ドラゴン,一般,,こだわりスカーフ,1000-00,サーフゴー,,はがね,ゴースト,一般,,たべのこし,0908-00,マスカーニャ,,くさ,あく,一般,,きあいのタスキ,0398-00,ムクホーク,,ノーマル,ひこう,一般,,ムクホークナイト,0450-00,カバルドン,,じめん,,一般,,オボンのみ
145,2436.768,0071-00,ウツボット,,くさ,どく,一般,,ウツボットナイト,0257-00,バシャーモ,,ほのお,かくとう,一般,,バシャーモナイト,0009-00,カメックス,,みず,,一般,,カメックスナイト,0778-00,ミミッキュ,ばけたすがた,ゴースト,フェアリー,一般,,いのちのたま,0983-00,ドドゲザン,,あく,はがね,一般,,きあいのタスキ,0902-00,イダイトウ,オスのすがた,みず,ゴースト,一般,,のろいのおふだ
147,2435.913,0149-00,カイリュー,,ドラゴン,ひこう,一般,,カイリュナイト,1000-00,サーフゴー,,はがね,ゴースト,一般,,たべのこし,0503-01,ダイケンキ,ヒスイのすがた,みず,あく,一般,,オボンのみ,0778-00,ミミッキュ,ばけたすがた,ゴースト,フェアリー,一般,,いのちのたま,0473-00,マンムー,,こおり,じめん,一般,,きあいのタスキ,0212-00,ハッサム,,むし,はがね,一般,,ハッサムナイト
148,2435.706,0445-00,ガブリアス,,ドラゴン,じめん,一般,,ハバンのみ,0637-00,ウルガモス,,むし,ほのお,一般,,オボンのみ,0778-00,ミミッキュ,ばけたすがた,ゴースト,フェアリー,一般,,いのちのたま,0130-00,ギャラドス,,みず,ひこう,一般,,ギャラドスナイト,0497-00,ジャローダ,,くさ,,一般,,きあいのタスキ,0026-00,ライチュウ,,でんき,,一般,,ライチュウナイトＹ
150,2435.008,0670-05,フラエッテ,えいえんのはな,フェアリー,,一般,,ラムのみ,1018-00,ブリジュラス,,はがね,ドラゴン,一般,,オボンのみ,0354-00,ジュペッタ,,ゴースト,,一般,,ジュペッタナイト,0503-01,ダイケンキ,ヒスイのすがた,みず,あく,一般,,きあいのタスキ,0212-00,ハッサム,,むし,はがね,一般,,ハッサムナイト,0279-00,ペリッパー,,みず,ひこう,一般,,こだわりスカーフ
151,2434.360,0080-00,ヤドラン,,みず,エスパー,一般,,ヤドランナイト,0706-01,ヌメルゴン,ヒスイのすがた,はがね,ドラゴン,一般,,しろいハーブ,0398-00,ムクホーク,,ノーマル,ひこう,一般,,こだわりスカーフ,0730-00,アシレーヌ,,みず,フェアリー,一般,,オボンのみ,0473-00,マンムー,,こおり,じめん,一般,,きあいのタスキ,0094-00,ゲンガー,,ゴースト,どく,一般,,ゲンガナイト
152,2434.305,0635-00,サザンドラ,,あく,ドラゴン,一般,,こだわりスカーフ,0303-00,クチート,,はがね,フェアリー,一般,,クチートナイト,0450-00,カバルドン,,じめん,,一般,,たべのこし,0778-00,ミミッキュ,ばけたすがた,ゴースト,フェアリー,一般,,いのちのたま,0655-00,マフォクシー,,ほのお,エスパー,一般,,マフォクシナイト,0908-00,マスカーニャ,,くさ,あく,一般,,きあいのタスキ
155,2433.239,0964-00,イルカマン,ナイーブフォルム,みず,,一般,,こだわりスカーフ,0149-00,カイリュー,,ドラゴン,ひこう,一般,,カイリュナイト,0939-00,ハラバリー,,でんき,,一般,,オボンのみ,0450-00,カバルドン,,じめん,,一般,,たべのこし,0584-00,バイバニラ,,こおり,,一般,,とけないこおり,0254-00,ジュカイン,,くさ,,一般,,ジュカインナイト
157,2432.975,0970-00,キラフロル,,いわ,どく,一般,,きあいのタスキ,0197-00,ブラッキー,,あく,,一般,,たべのこし,0094-00,ゲンガー,,ゴースト,どく,一般,,ゲンガナイト,0130-00,ギャラドス,,みず,ひこう,一般,,ギャラドスナイト,0154-00,メガニウム,,くさ,,一般,,メガニウムナイト,0376-00,メタグロス,,はがね,エスパー,一般,,メタグロスナイト
158,2432.920,0658-00,ゲッコウガ,,みず,あく,一般,,ゲッコウガナイト,0257-00,バシャーモ,,ほのお,かくとう,一般,,バシャーモナイト,0666-18,ビビヨン,ファンシーなもよう,むし,ひこう,一般,,たべのこし,0956-00,クエスパトラ,,エスパー,,一般,,きあいのタスキ,1018-00,ブリジュラス,,はがね,ドラゴン,一般,,オボンのみ,0778-00,ミミッキュ,ばけたすがた,ゴースト,フェアリー,一般,,いのちのたま
161,2432.220,0655-00,マフォクシー,,ほのお,エスパー,一般,,マフォクシナイト,0979-00,コノヨザル,,かくとう,ゴースト,一般,,オボンのみ,0983-00,ドドゲザン,,あく,はがね,一般,,くろいメガネ,0584-00,バイバニラ,,こおり,,一般,,とけないこおり,0445-00,ガブリアス,,ドラゴン,じめん,一般,,ロゼルのみ,0130-00,ギャラドス,,みず,ひこう,一般,,ギャラドスナイト
163,2431.855,0376-00,メタグロス,,はがね,エスパー,一般,,メタグロスナイト,0668-00,カエンジシ,,ほのお,ノーマル,一般,,カエンジシナイト,1018-00,ブリジュラス,,はがね,ドラゴン,一般,,オボンのみ,0635-00,サザンドラ,,あく,ドラゴン,一般,,ラムのみ,0902-00,イダイトウ,オスのすがた,みず,ゴースト,一般,,しんぴのしずく,0445-00,ガブリアス,,ドラゴン,じめん,一般,,きあいのタスキ
164,2431.650,0545-00,ペンドラー,,むし,どく,一般,,オボンのみ,0937-00,ソウブレイズ,,ほのお,ゴースト,一般,,たべのこし,1000-00,サーフゴー,,はがね,ゴースト,一般,,のろいのおふだ,0130-00,ギャラドス,,みず,ひこう,一般,,ギャラドスナイト,0154-00,メガニウム,,くさ,,一般,,メガニウムナイト,0282-00,サーナイト,,エスパー,フェアリー,一般,,きあいのタスキ
171,2431.100,0670-05,フラエッテ,えいえんのはな,フェアリー,,一般,,フラエッテナイト,0887-00,ドラパルト,,ドラゴン,ゴースト,一般,,いのちのたま,0908-00,マスカーニャ,,くさ,あく,一般,,こだわりスカーフ,0445-00,ガブリアス,,ドラゴン,じめん,一般,,オボンのみ,0730-00,アシレーヌ,,みず,フェアリー,一般,,たべのこし,0212-00,ハッサム,,むし,はがね,一般,,ハッサムナイト
173,2430.970,0279-00,ペリッパー,,みず,ひこう,一般,,しめったいわ,0260-00,ラグラージ,,みず,じめん,一般,,ラグラージナイト,0681-00,ギルガルド,シールドフォルム,はがね,ゴースト,一般,,たべのこし,0398-00,ムクホーク,,ノーマル,ひこう,一般,,ムクホークナイト,0445-00,ガブリアス,,ドラゴン,じめん,一般,,オボンのみ,0038-01,キュウコン,アローラのすがた,こおり,フェアリー,一般,,とけないこおり
176,2430.491,0983-00,ドドゲザン,,あく,はがね,一般,,たべのこし,0149-00,カイリュー,,ドラゴン,ひこう,一般,,カイリュナイト,0902-00,イダイトウ,オスのすがた,みず,ゴースト,一般,,こだわりスカーフ,0003-00,フシギバナ,,くさ,どく,一般,,フシギバナイト,0858-00,ブリムオン,,エスパー,フェアリー,一般,,オボンのみ,0637-00,ウルガモス,,むし,ほのお,一般,,ラムのみ
177,2430.312,0362-00,オニゴーリ,,こおり,,一般,,たべのこし,0115-00,ガルーラ,,ノーマル,,一般,,ガルーラナイト,0445-00,ガブリアス,,ドラゴン,じめん,一般,,こだわりスカーフ,0681-00,ギルガルド,シールドフォルム,はがね,ゴースト,一般,,いのちのたま,0730-00,アシレーヌ,,みず,フェアリー,一般,,オボンのみ,0094-00,ゲンガー,,ゴースト,どく,一般,,きあいのタスキ
178,2430.310,0149-00,カイリュー,,ドラゴン,ひこう,一般,,カイリュナイト,0531-00,タブンネ,,ノーマル,,一般,,タブンネナイト,0902-00,イダイトウ,オスのすがた,みず,ゴースト,一般,,のろいのおふだ,0395-00,エンペルト,,みず,はがね,一般,,きあいのタスキ,0635-00,サザンドラ,,あく,ドラゴン,一般,,たべのこし,0303-00,クチート,,はがね,フェアリー,一般,,クチートナイト
180,2429.991,0450-00,カバルドン,,じめん,,一般,,オボンのみ,0398-00,ムクホーク,,ノーマル,ひこう,一般,,ムクホークナイト,1000-00,サーフゴー,,はがね,ゴースト,一般,,たべのこし,0908-00,マスカーニャ,,くさ,あく,一般,,こだわりスカーフ,0730-00,アシレーヌ,,みず,フェアリー,一般,,しんぴのしずく,0655-00,マフォクシー,,ほのお,エスパー,一般,,マフォクシナイト
181,2429.832,0398-00,ムクホーク,,ノーマル,ひこう,一般,,ムクホークナイト,0130-00,ギャラドス,,みず,ひこう,一般,,ギャラドスナイト,0970-00,キラフロル,,いわ,どく,一般,,きあいのタスキ,0858-00,ブリムオン,,エスパー,フェアリー,一般,,オボンのみ,1018-00,ブリジュラス,,はがね,ドラゴン,一般,,たべのこし,0887-00,ドラパルト,,ドラゴン,ゴースト,一般,,ひかりのねんど
184,2429.060,0450-00,カバルドン,,じめん,,一般,,たべのこし,0970-00,キラフロル,,いわ,どく,一般,,キラフロルナイト,0778-00,ミミッキュ,ばけたすがた,ゴースト,フェアリー,一般,,いのちのたま,0968-00,ミミズズ,,はがね,,一般,,オボンのみ,0009-00,カメックス,,みず,,一般,,カメックスナイト,0908-00,マスカーニャ,,くさ,あく,一般,,きあいのタスキ
190,2428.837,0448-00,ルカリオ,,かくとう,はがね,一般,,ルカリオナイト,0149-00,カイリュー,,ドラゴン,ひこう,一般,,カイリュナイト,0681-00,ギルガルド,シールドフォルム,はがね,ゴースト,一般,,たべのこし,0730-00,アシレーヌ,,みず,フェアリー,一般,,しんぴのしずく,0908-00,マスカーニャ,,くさ,あく,一般,,こだわりスカーフ,0450-00,カバルドン,,じめん,,一般,,オボンのみ
193,2428.308,0006-00,リザードン,,ほのお,ひこう,一般,,リザードナイトＸ,0130-00,ギャラドス,,みず,ひこう,一般,,ギャラドスナイト,0445-00,ガブリアス,,ドラゴン,じめん,一般,,きあいのタスキ,0778-00,ミミッキュ,ばけたすがた,ゴースト,フェアリー,一般,,いのちのたま,1018-00,ブリジュラス,,はがね,ドラゴン,一般,,たべのこし,0730-00,アシレーヌ,,みず,フェアリー,一般,,オボンのみ
195,2428.032,0094-00,ゲンガー,,ゴースト,どく,一般,,ゲンガナイト,0036-00,ピクシー,,フェアリー,,一般,,たべのこし,0445-00,ガブリアス,,ドラゴン,じめん,一般,,ハバンのみ,0376-00,メタグロス,,はがね,エスパー,一般,,メタグロスナイト,0479-01,ロトム,ヒートロトム,でんき,ほのお,一般,,オボンのみ,0658-00,ゲッコウガ,,みず,あく,一般,,しんぴのしずく
207,2426.490,0666-18,ビビヨン,ファンシーなもよう,むし,ひこう,一般,,たべのこし,0428-00,ミミロップ,,ノーマル,,一般,,ミミロップナイト,0778-00,ミミッキュ,ばけたすがた,ゴースト,フェアリー,一般,,いのちのたま,0956-00,クエスパトラ,,エスパー,,一般,,きあいのタスキ,0658-00,ゲッコウガ,,みず,あく,一般,,ゲッコウガナイト,1018-00,ブリジュラス,,はがね,ドラゴン,一般,,しろいハーブ
209,2426.212,0009-00,カメックス,,みず,,一般,,カメックスナイト,0903-00,オオニューラ,,かくとう,どく,一般,,オボンのみ,0733-00,ドデカバシ,,ノーマル,ひこう,一般,,するどいくちばし,0503-01,ダイケンキ,ヒスイのすがた,みず,あく,一般,,きあいのタスキ,0376-00,メタグロス,,はがね,エスパー,一般,,メタグロスナイト,0635-00,サザンドラ,,あく,ドラゴン,一般,,たべのこし
210,2426.132,0026-00,ライチュウ,,でんき,,一般,,ライチュウナイトＹ,0450-00,カバルドン,,じめん,,一般,,たべのこし,0968-00,ミミズズ,,はがね,,一般,,オボンのみ,0730-00,アシレーヌ,,みず,フェアリー,一般,,カゴのみ,0635-00,サザンドラ,,あく,ドラゴン,一般,,こだわりスカーフ,0094-00,ゲンガー,,ゴースト,どく,一般,,ゲンガナイト
218,2425.574,0115-00,ガルーラ,,ノーマル,,一般,,ガルーラナイト,0009-00,カメックス,,みず,,一般,,カメックスナイト,0445-00,ガブリアス,,ドラゴン,じめん,一般,,こだわりスカーフ,0637-00,ウルガモス,,むし,ほのお,一般,,オボンのみ,0681-00,ギルガルド,シールドフォルム,はがね,ゴースト,一般,,たべのこし,0132-00,メタモン,,ノーマル,,一般,,きあいのタスキ
219,2425.454,0670-05,フラエッテ,えいえんのはな,フェアリー,,一般,,フラエッテナイト,0450-00,カバルドン,,じめん,,一般,,オボンのみ,0149-00,カイリュー,,ドラゴン,ひこう,一般,,カイリュナイト,0130-00,ギャラドス,,みず,ひこう,一般,,たべのこし,1018-00,ブリジュラス,,はがね,ドラゴン,一般,,こだわりスカーフ,0094-00,ゲンガー,,ゴースト,どく,一般,,ゲンガナイト
221,2425.253,0303-00,クチート,,はがね,フェアリー,一般,,クチートナイト,0445-00,ガブリアス,,ドラゴン,じめん,一般,,きあいのタスキ,0936-00,グレンアルマ,,ほのお,エスパー,一般,,シュカのみ,0908-00,マスカーニャ,,くさ,あく,一般,,こだわりスカーフ,0730-00,アシレーヌ,,みず,フェアリー,一般,,オボンのみ,0778-00,ミミッキュ,ばけたすがた,ゴースト,フェアリー,一般,,いのちのたま
223,2425.033,0376-00,メタグロス,,はがね,エスパー,一般,,メタグロスナイト,0925-00,イッカネズミ,３びきかぞく,ノーマル,,一般,,こうかくレンズ,0691-00,ドラミドロ,,どく,ドラゴン,一般,,ドラミドナイト,0730-00,アシレーヌ,,みず,フェアリー,一般,,きあいのタスキ,0778-00,ミミッキュ,ばけたすがた,ゴースト,フェアリー,一般,,いのちのたま,0450-00,カバルドン,,じめん,,一般,,オボンのみ
226,2424.921,0303-00,クチート,,はがね,フェアリー,一般,,クチートナイト,0635-00,サザンドラ,,あく,ドラゴン,一般,,こだわりスカーフ,1000-00,サーフゴー,,はがね,ゴースト,一般,,いのちのたま,0970-00,キラフロル,,いわ,どく,一般,,キラフロルナイト,0450-00,カバルドン,,じめん,,一般,,たべのこし,0130-00,ギャラドス,,みず,ひこう,一般,,オボンのみ
227,2424.691,0130-00,ギャラドス,,みず,ひこう,一般,,たべのこし,0670-05,フラエッテ,えいえんのはな,フェアリー,,一般,,フラエッテナイト,0655-00,マフォクシー,,ほのお,エスパー,一般,,マフォクシナイト,0778-00,ミミッキュ,ばけたすがた,ゴースト,フェアリー,一般,,いのちのたま,0983-00,ドドゲザン,,あく,はがね,一般,,くろいメガネ,0445-00,ガブリアス,,ドラゴン,じめん,一般,,きあいのタスキ
228,2424.646,0376-00,メタグロス,,はがね,エスパー,一般,,メタグロスナイト,0197-00,ブラッキー,,あく,,一般,,たべのこし,0445-00,ガブリアス,,ドラゴン,じめん,一般,,きあいのタスキ,0937-00,ソウブレイズ,,ほのお,ゴースト,一般,,こだわりスカーフ,0154-00,メガニウム,,くさ,,一般,,メガニウムナイト,0748-00,ドヒドイデ,,どく,みず,一般,,オボンのみ
230,2424.445,0248-00,バンギラス,,いわ,あく,一般,,さらさらいわ,0530-00,ドリュウズ,,じめん,はがね,一般,,やわらかいすな,0972-00,ハカドッグ,,ゴースト,,一般,,のろいのおふだ,0398-00,ムクホーク,,ノーマル,ひこう,一般,,ムクホークナイト,0094-00,ゲンガー,,ゴースト,どく,一般,,ゲンガナイト,0952-00,スコヴィラン,,くさ,ほのお,一般,,スコヴィラナイト
234,2424.259,0303-00,クチート,,はがね,フェアリー,一般,,クチートナイト,0730-00,アシレーヌ,,みず,フェアリー,一般,,オボンのみ,0635-00,サザンドラ,,あく,ドラゴン,一般,,こだわりスカーフ,0473-00,マンムー,,こおり,じめん,一般,,きあいのタスキ,0376-00,メタグロス,,はがね,エスパー,一般,,メタグロスナイト,0911-00,ラウドボーン,,ほのお,ゴースト,一般,,たべのこし
235,2424.204,0707-00,クレッフィ,,はがね,フェアリー,一般,,ひかりのねんど,0700-00,ニンフィア,,フェアリー,,一般,,たべのこし,0970-00,キラフロル,,いわ,どく,一般,,キラフロルナイト,0475-00,エルレイド,,エスパー,かくとう,一般,,いのちのたま,0445-00,ガブリアス,,ドラゴン,じめん,一般,,きあいのタスキ,0130-00,ギャラドス,,みず,ひこう,一般,,ギャラドスナイト
246,2423.268,0080-00,ヤドラン,,みず,エスパー,一般,,ヤドランナイト,0748-00,ドヒドイデ,,どく,みず,一般,,メンタルハーブ,0154-00,メガニウム,,くさ,,一般,,メガニウムナイト,0143-00,カビゴン,,ノーマル,,一般,,たべのこし,0503-01,ダイケンキ,ヒスイのすがた,みず,あく,一般,,こだわりスカーフ,0036-00,ピクシー,,フェアリー,,一般,,ピクシナイト
247,2423.231,0376-00,メタグロス,,はがね,エスパー,一般,,メタグロスナイト,0635-00,サザンドラ,,あく,ドラゴン,一般,,こだわりスカーフ,0730-00,アシレーヌ,,みず,フェアリー,一般,,オボンのみ,0479-01,ロトム,ヒートロトム,でんき,ほのお,一般,,たべのこし,0121-00,スターミー,,みず,エスパー,一般,,スターミナイト,0445-00,ガブリアス,,ドラゴン,じめん,一般,,ラムのみ
253,2423.000,0887-00,ドラパルト,,ドラゴン,ゴースト,一般,,きあいのタスキ,1013-00,ヤバソチャ,ボンサクのすがた,くさ,ゴースト,一般,,ヤチェのみ,0303-00,クチート,,はがね,フェアリー,一般,,クチートナイト,0006-00,リザードン,,ほのお,ひこう,一般,,リザードナイトＸ,0778-00,ミミッキュ,ばけたすがた,ゴースト,フェアリー,一般,,いのちのたま,0979-00,コノヨザル,,かくとう,ゴースト,一般,,オボンのみ
255,2422.914,0445-00,ガブリアス,,ドラゴン,じめん,一般,,こだわりスカーフ,0823-00,アーマーガア,,ひこう,はがね,一般,,たべのこし,0006-00,リザードン,,ほのお,ひこう,一般,,リザードナイトＹ,0026-00,ライチュウ,,でんき,,一般,,ライチュウナイトＹ,0730-00,アシレーヌ,,みず,フェアリー,一般,,オボンのみ,1018-00,ブリジュラス,,はがね,ドラゴン,一般,,しろいハーブ
256,2422.734,0130-00,ギャラドス,,みず,ひこう,一般,,ギャラドスナイト,0257-00,バシャーモ,,ほのお,かくとう,一般,,いのちのたま,0036-00,ピクシー,,フェアリー,,一般,,ピクシナイト,0970-00,キラフロル,,いわ,どく,一般,,きあいのタスキ,0855-00,ポットデス,がんさくフォルム,ゴースト,,一般,,しろいハーブ,0637-00,ウルガモス,,むし,ほのお,一般,,オボンのみ
258,2422.724,0376-00,メタグロス,,はがね,エスパー,一般,,メタグロスナイト,0445-00,ガブリアス,,ドラゴン,じめん,一般,,オボンのみ,0908-00,マスカーニャ,,くさ,あく,一般,,こだわりスカーフ,0279-00,ペリッパー,,みず,ひこう,一般,,きあいのタスキ,0260-00,ラグラージ,,みず,じめん,一般,,ラグラージナイト,1018-00,ブリジュラス,,はがね,ドラゴン,一般,,たべのこし
260,2422.595,0445-00,ガブリアス,,ドラゴン,じめん,一般,,きあいのタスキ,0952-00,スコヴィラン,,くさ,ほのお,一般,,スコヴィラナイト,0748-00,ドヒドイデ,,どく,みず,一般,,オボンのみ,0503-01,ダイケンキ,ヒスイのすがた,みず,あく,一般,,こだわりスカーフ,0143-00,カビゴン,,ノーマル,,一般,,たべのこし,0080-00,ヤドラン,,みず,エスパー,一般,,ヤドランナイト
262,2422.399,0450-00,カバルドン,,じめん,,一般,,オボンのみ,0130-00,ギャラドス,,みず,ひこう,一般,,ギャラドスナイト,1018-00,ブリジュラス,,はがね,ドラゴン,一般,,ピントレンズ,0778-00,ミミッキュ,ばけたすがた,ゴースト,フェアリー,一般,,いのちのたま,0398-00,ムクホーク,,ノーマル,ひこう,一般,,ムクホークナイト,0908-00,マスカーニャ,,くさ,あく,一般,,きあいのタスキ
263,2422.063,0398-00,ムクホーク,,ノーマル,ひこう,一般,,ムクホークナイト,0668-00,カエンジシ,,ほのお,ノーマル,一般,,カエンジシナイト,0778-00,ミミッキュ,ばけたすがた,ゴースト,フェアリー,一般,,いのちのたま,1018-00,ブリジュラス,,はがね,ドラゴン,一般,,シュカのみ,0445-00,ガブリアス,,ドラゴン,じめん,一般,,こだわりスカーフ,0730-00,アシレーヌ,,みず,フェアリー,一般,,オボンのみ
267,2421.737,0968-00,ミミズズ,,はがね,,一般,,オボンのみ,0560-00,ズルズキン,,あく,かくとう,一般,,ズルズキナイト,0778-00,ミミッキュ,ばけたすがた,ゴースト,フェアリー,一般,,いのちのたま,0730-00,アシレーヌ,,みず,フェアリー,一般,,きあいのタスキ,0026-00,ライチュウ,,でんき,,一般,,ライチュウナイトＹ,0655-00,マフォクシー,,ほのお,エスパー,一般,,マフォクシナイト
269,2421.484,0635-00,サザンドラ,,あく,ドラゴン,一般,,こだわりスカーフ,0376-00,メタグロス,,はがね,エスパー,一般,,メタグロスナイト,0730-00,アシレーヌ,,みず,フェアリー,一般,,たつじんのおび,0903-00,オオニューラ,,かくとう,どく,一般,,きあいのタスキ,0655-00,マフォクシー,,ほのお,エスパー,一般,,マフォクシナイト,1018-00,ブリジュラス,,はがね,ドラゴン,一般,,カゴのみ
271,2421.389,0448-00,ルカリオ,,かくとう,はがね,一般,,ルカリオナイト,0094-00,ゲンガー,,ゴースト,どく,一般,,ゲンガナイト,1018-00,ブリジュラス,,はがね,ドラゴン,一般,,しろいハーブ,0658-00,ゲッコウガ,,みず,あく,一般,,きあいのタスキ,0778-00,ミミッキュ,ばけたすがた,ゴースト,フェアリー,一般,,いのちのたま,0902-00,イダイトウ,オスのすがた,みず,ゴースト,一般,,こだわりスカーフ
280,2420.724,0658-00,ゲッコウガ,,みず,あく,一般,,きあいのタスキ,0006-00,リザードン,,ほのお,ひこう,一般,,リザードナイトＸ,0212-00,ハッサム,,むし,はがね,一般,,ハッサムナイト,0778-00,ミミッキュ,ばけたすがた,ゴースト,フェアリー,一般,,いのちのたま,0445-00,ガブリアス,,ドラゴン,じめん,一般,,ラムのみ,0584-00,バイバニラ,,こおり,,一般,,とけないこおり
282,2420.548,0691-00,ドラミドロ,,どく,ドラゴン,一般,,ドラミドナイト,0823-00,アーマーガア,,ひこう,はがね,一般,,オボンのみ,0503-01,ダイケンキ,ヒスイのすがた,みず,あく,一般,,きあいのタスキ,0952-00,スコヴィラン,,くさ,ほのお,一般,,スコヴィラナイト,0036-00,ピクシー,,フェアリー,,一般,,たべのこし,0445-00,ガブリアス,,ドラゴン,じめん,一般,,こだわりスカーフ
283,2420.540,0149-00,カイリュー,,ドラゴン,ひこう,一般,,ラムのみ,0257-00,バシャーモ,,ほのお,かくとう,一般,,きあいのタスキ,0071-00,ウツボット,,くさ,どく,一般,,ウツボットナイト,1000-00,サーフゴー,,はがね,ゴースト,一般,,シュカのみ,0939-00,ハラバリー,,でんき,,一般,,オボンのみ,0547-00,エルフーン,,くさ,フェアリー,一般,,たべのこし
285,2420.460,0450-00,カバルドン,,じめん,,一般,,オボンのみ,0655-00,マフォクシー,,ほのお,エスパー,一般,,マフォクシナイト,0681-00,ギルガルド,シールドフォルム,はがね,ゴースト,一般,,のろいのおふだ,0908-00,マスカーニャ,,くさ,あく,一般,,こだわりスカーフ,0952-00,スコヴィラン,,くさ,ほのお,一般,,ジュカインナイト,0748-00,ドヒドイデ,,どく,みず,一般,,たべのこし
286,2420.411,0658-00,ゲッコウガ,,みず,あく,一般,,ゲッコウガナイト,0668-00,カエンジシ,,ほのお,ノーマル,一般,,カエンジシナイト,0038-00,キュウコン,,ほのお,,一般,,あついいわ,0080-00,ヤドラン,,みず,エスパー,一般,,ヤドランナイト,0445-00,ガブリアス,,ドラゴン,じめん,一般,,きあいのタスキ,0547-00,エルフーン,,くさ,フェアリー,一般,,いのちのたま
287,2420.383,0006-00,リザードン,,ほのお,ひこう,一般,,リザードナイトＹ,0956-00,クエスパトラ,,エスパー,,一般,,きあいのタスキ,0914-00,ウェーニバル,,みず,かくとう,一般,,オボンのみ,0026-00,ライチュウ,,でんき,,一般,,ライチュウナイトＹ,0904-00,ハリーマン,,あく,どく,一般,,たべのこし,0778-00,ミミッキュ,ばけたすがた,ゴースト,フェアリー,一般,,ひかりのこな
288,2420.321,0398-00,ムクホーク,,ノーマル,ひこう,一般,,ムクホークナイト,0970-00,キラフロル,,いわ,どく,一般,,きあいのタスキ,0450-00,カバルドン,,じめん,,一般,,オボンのみ,0395-00,エンペルト,,みず,はがね,一般,,たべのこし,0655-00,マフォクシー,,ほのお,エスパー,一般,,マフォクシナイト,0778-00,ミミッキュ,ばけたすがた,ゴースト,フェアリー,一般,,いのちのたま
291,2420.234,0026-00,ライチュウ,,でんき,,一般,,ライチュウナイトＹ,0130-00,ギャラドス,,みず,ひこう,一般,,ギャラドスナイト,0257-00,バシャーモ,,ほのお,かくとう,一般,,いのちのたま,0778-00,ミミッキュ,ばけたすがた,ゴースト,フェアリー,一般,,のろいのおふだ,0970-00,キラフロル,,いわ,どく,一般,,きあいのタスキ,0547-00,エルフーン,,くさ,フェアリー,一般,,たべのこし
293,2419.912,0900-00,バサギリ,,むし,いわ,一般,,きあいのタスキ,0655-00,マフォクシー,,ほのお,エスパー,一般,,マフォクシナイト,0983-00,ドドゲザン,,あく,はがね,一般,,くろいメガネ,0003-00,フシギバナ,,くさ,どく,一般,,フシギバナイト,0887-00,ドラパルト,,ドラゴン,ゴースト,一般,,いのちのたま,0184-00,マリルリ,,みず,フェアリー,一般,,オボンのみ
294,2419.865,0303-00,クチート,,はがね,フェアリー,一般,,クチートナイト,0658-00,ゲッコウガ,,みず,あく,一般,,ゲッコウガナイト,0778-00,ミミッキュ,ばけたすがた,ゴースト,フェアリー,一般,,いのちのたま,0130-00,ギャラドス,,みず,ひこう,一般,,たべのこし,0445-00,ガブリアス,,ドラゴン,じめん,一般,,ラムのみ,0257-00,バシャーモ,,ほのお,かくとう,一般,,きあいのタスキ
295,2419.845,0547-00,エルフーン,,くさ,フェアリー,一般,,たべのこし,0655-00,マフォクシー,,ほのお,エスパー,一般,,マフォクシナイト,0730-00,アシレーヌ,,みず,フェアリー,一般,,オボンのみ,0635-00,サザンドラ,,あく,ドラゴン,一般,,こだわりスカーフ,0376-00,メタグロス,,はがね,エスパー,一般,,メタグロスナイト,0937-00,ソウブレイズ,,ほのお,ゴースト,一般,,きあいのタスキ
298,2419.399,0398-00,ムクホーク,,ノーマル,ひこう,一般,,ムクホークナイト,0904-00,ハリーマン,,あく,どく,一般,,オボンのみ,0655-00,マフォクシー,,ほのお,エスパー,一般,,マフォクシナイト,0778-00,ミミッキュ,ばけたすがた,ゴースト,フェアリー,一般,,いのちのたま,0445-00,ガブリアス,,ドラゴン,じめん,一般,,こだわりスカーフ,0395-00,エンペルト,,みず,はがね,一般,,たべのこし
299,2419.248,0006-00,リザードン,,ほのお,ひこう,一般,,リザードナイトＹ,0445-00,ガブリアス,,ドラゴン,じめん,一般,,きあいのタスキ,0730-00,アシレーヌ,,みず,フェアリー,一般,,オボンのみ,0908-00,マスカーニャ,,くさ,あく,一般,,こだわりスカーフ,1000-00,サーフゴー,,はがね,ゴースト,一般,,たつじんのおび,1018-00,ブリジュラス,,はがね,ドラゴン,一般,,たべのこし
300,2419.223,0658-00,ゲッコウガ,,みず,あく,一般,,ゲッコウガナイト,0398-00,ムクホーク,,ノーマル,ひこう,一般,,ムクホークナイト,0036-00,ピクシー,,フェアリー,,一般,,たべのこし,0902-00,イダイトウ,オスのすがた,みず,ゴースト,一般,,きあいのタスキ,0530-00,ドリュウズ,,じめん,はがね,一般,,こだわりスカーフ,1018-00,ブリジュラス,,はがね,ドラゴン,一般,,ピントレンズ
302,2419.067,1018-00,ブリジュラス,,はがね,ドラゴン,一般,,オボンのみ,0970-00,キラフロル,,いわ,どく,一般,,きあいのタスキ,0428-00,ミミロップ,,ノーマル,,一般,,ミミロップナイト,0006-00,リザードン,,ほのお,ひこう,一般,,リザードナイトＸ,0778-00,ミミッキュ,ばけたすがた,ゴースト,フェアリー,一般,,たべのこし,0902-00,イダイトウ,オスのすがた,みず,ゴースト,一般,,しんぴのしずく
303,2418.805,0983-00,ドドゲザン,,あく,はがね,一般,,くろいメガネ,0398-00,ムクホーク,,ノーマル,ひこう,一般,,ムクホークナイト,0121-00,スターミー,,みず,エスパー,一般,,スターミナイト,0778-00,ミミッキュ,ばけたすがた,ゴースト,フェアリー,一般,,いのちのたま,0970-00,キラフロル,,いわ,どく,一般,,きあいのタスキ,0655-00,マフォクシー,,ほのお,エスパー,一般,,マフォクシナイト
312,2417.128,0983-00,ドドゲザン,,あく,はがね,一般,,くろいメガネ,0445-00,ガブリアス,,ドラゴン,じめん,一般,,こだわりスカーフ,0149-00,カイリュー,,ドラゴン,ひこう,一般,,カイリュナイト,0257-00,バシャーモ,,ほのお,かくとう,一般,,バシャーモナイト,1018-00,ブリジュラス,,はがね,ドラゴン,一般,,しろいハーブ,0730-00,アシレーヌ,,みず,フェアリー,一般,,きあいのタスキ
315,2416.689,0257-00,バシャーモ,,ほのお,かくとう,一般,,バシャーモナイト,0445-00,ガブリアス,,ドラゴン,じめん,一般,,ハバンのみ,0130-00,ギャラドス,,みず,ひこう,一般,,ギャラドスナイト,0908-00,マスカーニャ,,くさ,あく,一般,,きあいのタスキ,0972-00,ハカドッグ,,ゴースト,,一般,,たべのこし,0154-00,メガニウム,,くさ,,一般,,メガニウムナイト
323,2413.941,0197-00,ブラッキー,,あく,,一般,,たべのこし,0681-00,ギルガルド,シールドフォルム,はがね,ゴースト,一般,,のろいのおふだ,0655-00,マフォクシー,,ほのお,エスパー,一般,,マフォクシナイト,0445-00,ガブリアス,,ドラゴン,じめん,一般,,きあいのタスキ,0670-05,フラエッテ,えいえんのはな,フェアリー,,一般,,フラエッテナイト,0902-00,イダイトウ,オスのすがた,みず,ゴースト,一般,,いのちのたま
324,2413.433,0279-00,ペリッパー,,みず,ひこう,一般,,きあいのタスキ,0260-00,ラグラージ,,みず,じめん,一般,,ラグラージナイト,1018-00,ブリジュラス,,はがね,ドラゴン,一般,,たべのこし,0026-00,ライチュウ,,でんき,,一般,,ライチュウナイトＹ,0778-00,ミミッキュ,ばけたすがた,ゴースト,フェアリー,一般,,いのちのたま,0186-00,ニョロトノ,,みず,,一般,,こだわりスカーフ
337,2405.148,1018-00,ブリジュラス,,はがね,ドラゴン,一般,,しろいハーブ,0009-00,カメックス,,みず,,一般,,カメックスナイト,0445-00,ガブリアス,,ドラゴン,じめん,一般,,ラムのみ,0778-00,ミミッキュ,ばけたすがた,ゴースト,フェアリー,一般,,ようせいのハネ,0303-00,クチート,,はがね,フェアリー,一般,,クチートナイト,0902-00,イダイトウ,オスのすがた,みず,ゴースト,一般,,いのちのたま
339,2417.616,0658-00,ゲッコウガ,,みず,あく,一般,,ゲッコウガナイト,0006-00,リザードン,,ほのお,ひこう,一般,,リザードナイトＹ,0212-00,ハッサム,,むし,はがね,一般,,いのちのたま,1018-00,ブリジュラス,,はがね,ドラゴン,一般,,こだわりスカーフ,0473-00,マンムー,,こおり,じめん,一般,,きあいのタスキ,0730-00,アシレーヌ,,みず,フェアリー,一般,,ラムのみ
347,2400.292,0655-00,マフォクシー,,ほのお,エスパー,一般,,マフォクシナイト,0134-00,シャワーズ,,みず,,一般,,たべのこし,0908-00,マスカーニャ,,くさ,あく,一般,,こだわりスカーフ,0660-00,ホルード,,ノーマル,じめん,一般,,きあいのタスキ,0970-00,キラフロル,,いわ,どく,一般,,キラフロルナイト,0968-00,ミミズズ,,はがね,,一般,,オボンのみ
371,2387.180,0303-00,クチート,,はがね,フェアリー,一般,,クチートナイト,0130-00,ギャラドス,,みず,ひこう,一般,,オボンのみ,0149-00,カイリュー,,ドラゴン,ひこう,一般,,カイリュナイト,0681-00,ギルガルド,シールドフォルム,はがね,ゴースト,一般,,たべのこし,0445-00,ガブリアス,,ドラゴン,じめん,一般,,きあいのタスキ,1018-00,ブリジュラス,,はがね,ドラゴン,一般,,こだわりスカーフ
381,2379.688,0655-00,マフォクシー,,ほのお,エスパー,一般,,マフォクシナイト,0130-00,ギャラドス,,みず,ひこう,一般,,ギャラドスナイト,1018-00,ブリジュラス,,はがね,ドラゴン,一般,,オボンのみ,0700-00,ニンフィア,,フェアリー,,一般,,たべのこし,0445-00,ガブリアス,,ドラゴン,じめん,一般,,きあいのタスキ,0748-00,ドヒドイデ,,どく,みず,一般,,シュカのみ
398,2372.724,0197-00,ブラッキー,,あく,,一般,,たべのこし,0154-00,メガニウム,,くさ,,一般,,メガニウムナイト,1000-00,サーフゴー,,はがね,ゴースト,一般,,シュカのみ,0121-00,スターミー,,みず,エスパー,一般,,スターミナイト,0748-00,ドヒドイデ,,どく,みず,一般,,オボンのみ,0149-00,カイリュー,,ドラゴン,ひこう,一般,,ラムのみ
416,2364.607,0655-00,マフォクシー,,ほのお,エスパー,一般,,マフォクシナイト,0398-00,ムクホーク,,ノーマル,ひこう,一般,,こだわりスカーフ,0445-00,ガブリアス,,ドラゴン,じめん,一般,,オボンのみ,1018-00,ブリジュラス,,はがね,ドラゴン,一般,,カゴのみ,0908-00,マスカーニャ,,くさ,あく,一般,,きあいのタスキ,0730-00,アシレーヌ,,みず,フェアリー,一般,,たべのこし
419,2363.976,0911-00,ラウドボーン,,ほのお,ゴースト,一般,,カシブのみ,0071-00,ウツボット,,くさ,どく,一般,,ウツボットナイト,0197-00,ブラッキー,,あく,,一般,,たべのこし,0530-00,ドリュウズ,,じめん,はがね,一般,,こだわりスカーフ,0730-00,アシレーヌ,,みず,フェアリー,一般,,オボンのみ,0655-00,マフォクシー,,ほのお,エスパー,一般,,マフォクシナイト
432,2360.201,0655-00,マフォクシー,,ほのお,エスパー,一般,,マフォクシナイト,0660-00,ホルード,,ノーマル,じめん,一般,,こだわりスカーフ,0534-00,ローブシン,,かくとう,,一般,,いのちのたま,0009-00,カメックス,,みず,,一般,,カメックスナイト,0778-00,ミミッキュ,ばけたすがた,ゴースト,フェアリー,一般,,たべのこし,1018-00,ブリジュラス,,はがね,ドラゴン,一般,,オボンのみ
439,2359.456,0121-00,スターミー,,みず,エスパー,一般,,スターミナイト,0473-00,マンムー,,こおり,じめん,一般,,きあいのタスキ,1018-00,ブリジュラス,,はがね,ドラゴン,一般,,オボンのみ,0448-00,ルカリオ,,かくとう,はがね,一般,,ルカリオナイト,0450-00,カバルドン,,じめん,,一般,,たべのこし,0908-00,マスカーニャ,,くさ,あく,一般,,こだわりスカーフ
444,2357.979,0970-00,キラフロル,,いわ,どく,一般,,きあいのタスキ,0398-00,ムクホーク,,ノーマル,ひこう,一般,,ムクホークナイト,0655-00,マフォクシー,,ほのお,エスパー,一般,,マフォクシナイト,0635-00,サザンドラ,,あく,ドラゴン,一般,,こだわりスカーフ,0983-00,ドドゲザン,,あく,はがね,一般,,くろいメガネ,0778-00,ミミッキュ,ばけたすがた,ゴースト,フェアリー,一般,,いのちのたま
448,2356.833,1018-00,ブリジュラス,,はがね,ドラゴン,一般,,オボンのみ,0257-00,バシャーモ,,ほのお,かくとう,一般,,バシャーモナイト,0902-00,イダイトウ,オスのすがた,みず,ゴースト,一般,,こだわりスカーフ,0154-00,メガニウム,,くさ,,一般,,メガニウムナイト,0445-00,ガブリアス,,ドラゴン,じめん,一般,,きあいのタスキ,0823-00,アーマーガア,,ひこう,はがね,一般,,たべのこし
455,2352.585,0658-00,ゲッコウガ,,みず,あく,一般,,きあいのタスキ,1018-00,ブリジュラス,,はがね,ドラゴン,一般,,たべのこし,0584-00,バイバニラ,,こおり,,一般,,とけないこおり,0149-00,カイリュー,,ドラゴン,ひこう,一般,,カイリュナイト,0681-00,ギルガルド,シールドフォルム,はがね,ゴースト,一般,,のろいのおふだ,0778-00,ミミッキュ,ばけたすがた,ゴースト,フェアリー,一般,,いのちのたま
470,2348.448,0248-00,バンギラス,,いわ,あく,一般,,さらさらいわ,0530-00,ドリュウズ,,じめん,はがね,一般,,いのちのたま,0026-00,ライチュウ,,でんき,,一般,,ライチュウナイトＹ,0823-00,アーマーガア,,ひこう,はがね,一般,,たべのこし,0972-00,ハカドッグ,,ゴースト,,一般,,のろいのおふだ,0952-00,スコヴィラン,,くさ,ほのお,一般,,スコヴィラナイト
485,2345.312,0748-00,ドヒドイデ,,どく,みず,一般,,オボンのみ,0036-00,ピクシー,,フェアリー,,一般,,ピクシナイト,0080-00,ヤドラン,,みず,エスパー,一般,,ヤドランナイト,0154-00,メガニウム,,くさ,,一般,,メガニウムナイト,0143-00,カビゴン,,ノーマル,,一般,,たべのこし,0503-01,ダイケンキ,ヒスイのすがた,みず,あく,一般,,こだわりスカーフ
486,2344.730,0748-00,ドヒドイデ,,どく,みず,一般,,オボンのみ,0080-00,ヤドラン,,みず,エスパー,一般,,ヤドランナイト,0248-00,バンギラス,,いわ,あく,一般,,カゴのみ,0652-00,ブリガロン,,くさ,かくとう,一般,,ブリガロナイト,0036-00,ピクシー,,フェアリー,,一般,,ピクシナイト,0350-00,ミロカロス,,みず,,一般,,たべのこし
505,2339.447,0026-00,ライチュウ,,でんき,,一般,,ライチュウナイトＹ,0121-00,スターミー,,みず,エスパー,一般,,スターミナイト,0547-00,エルフーン,,くさ,フェアリー,一般,,たべのこし,0752-00,オニシズクモ,,みず,むし,一般,,ソクノのみ,0908-00,マスカーニャ,,くさ,あく,一般,,きあいのタスキ,0968-00,ミミズズ,,はがね,,一般,,オボンのみ
515,2336.740,0080-00,ヤドラン,,みず,エスパー,一般,,ヤドランナイト,0691-00,ドラミドロ,,どく,ドラゴン,一般,,ドラミドナイト,0197-00,ブラッキー,,あく,,一般,,たべのこし,0212-00,ハッサム,,むし,はがね,一般,,オボンのみ,0970-00,キラフロル,,いわ,どく,一般,,きあいのタスキ,0132-00,メタモン,,ノーマル,,一般,,こだわりスカーフ
524,2334.103,0036-00,ピクシー,,フェアリー,,一般,,ピクシナイト,0445-00,ガブリアス,,ドラゴン,じめん,一般,,オボンのみ,0637-00,ウルガモス,,むし,ほのお,一般,,きあいのタスキ,0130-00,ギャラドス,,みず,ひこう,一般,,ギャラドスナイト,0902-00,イダイトウ,オスのすがた,みず,ゴースト,一般,,のろいのおふだ,0983-00,ドドゲザン,,あく,はがね,一般,,くろいメガネ
531,2333.425,0359-00,アブソル,,あく,,一般,,アブソルナイト,0212-00,ハッサム,,むし,はがね,一般,,メタルコート,0445-00,ガブリアス,,ドラゴン,じめん,一般,,きあいのタスキ,0009-00,カメックス,,みず,,一般,,しろいハーブ,0823-00,アーマーガア,,ひこう,はがね,一般,,たべのこし,0149-00,カイリュー,,ドラゴン,ひこう,一般,,カイリュナイト
533,2333.185,0303-00,クチート,,はがね,フェアリー,一般,,クチートナイト,0130-00,ギャラドス,,みず,ひこう,一般,,たべのこし,0094-00,ゲンガー,,ゴースト,どく,一般,,きあいのタスキ,0257-00,バシャーモ,,ほのお,かくとう,一般,,バシャーモナイト,0445-00,ガブリアス,,ドラゴン,じめん,一般,,オボンのみ,0778-00,ミミッキュ,ばけたすがた,ゴースト,フェアリー,一般,,いのちのたま
537,2332.431,0303-00,クチート,,はがね,フェアリー,一般,,クチートナイト,0778-00,ミミッキュ,ばけたすがた,ゴースト,フェアリー,一般,,いのちのたま,0902-00,イダイトウ,オスのすがた,みず,ゴースト,一般,,のろいのおふだ,0445-00,ガブリアス,,ドラゴン,じめん,一般,,ラムのみ,0658-00,ゲッコウガ,,みず,あく,一般,,ゲッコウガナイト,0584-00,バイバニラ,,こおり,,一般,,とけないこおり
539,2332.300,0730-00,アシレーヌ,,みず,フェアリー,一般,,ソクノのみ,0376-00,メタグロス,,はがね,エスパー,一般,,メタグロスナイト,0094-00,ゲンガー,,ゴースト,どく,一般,,ゲンガナイト,0445-00,ガブリアス,,ドラゴン,じめん,一般,,きあいのタスキ,0197-00,ブラッキー,,あく,,一般,,たべのこし,1018-00,ブリジュラス,,はがね,ドラゴン,一般,,しろいハーブ
543,2331.385,0254-00,ジュカイン,,くさ,,一般,,ジュカインナイト,0257-00,バシャーモ,,ほのお,かくとう,一般,,いのちのたま,0260-00,ラグラージ,,みず,じめん,一般,,リンドのみ,0302-00,ヤミラミ,,あく,ゴースト,一般,,オボンのみ,0350-00,ミロカロス,,みず,,一般,,たべのこし,0376-00,メタグロス,,はがね,エスパー,一般,,メタグロスナイト
545,2331.295,0376-00,メタグロス,,はがね,エスパー,一般,,メタグロスナイト,0635-00,サザンドラ,,あく,ドラゴン,一般,,ラムのみ,0450-00,カバルドン,,じめん,,一般,,たべのこし,0730-00,アシレーヌ,,みず,フェアリー,一般,,オボンのみ,0778-00,ミミッキュ,ばけたすがた,ゴースト,フェアリー,一般,,いのちのたま,0006-00,リザードン,,ほのお,ひこう,一般,,リザードナイトＹ
551,2330.717,0376-00,メタグロス,,はがね,エスパー,一般,,メタグロスナイト,0635-00,サザンドラ,,あく,ドラゴン,一般,,ラムのみ,1018-00,ブリジュラス,,はがね,ドラゴン,一般,,たべのこし,0445-00,ガブリアス,,ドラゴン,じめん,一般,,オボンのみ,0571-01,ゾロアーク,ヒスイのすがた,ノーマル,ゴースト,一般,,きあいのタスキ,0398-00,ムクホーク,,ノーマル,ひこう,一般,,ムクホークナイト
560,2329.151,0130-00,ギャラドス,,みず,ひこう,一般,,ギャラドスナイト,0006-00,リザードン,,ほのお,ひこう,一般,,リザードナイトＸ,0666-18,ビビヨン,ファンシーなもよう,むし,ひこう,一般,,たべのこし,0547-00,エルフーン,,くさ,フェアリー,一般,,きあいのタスキ,0979-00,コノヨザル,,かくとう,ゴースト,一般,,でんきだま,0184-00,マリルリ,,みず,フェアリー,一般,,オボンのみ
570,2328.155,0887-00,ドラパルト,,ドラゴン,ゴースト,一般,,いのちのたま,0445-00,ガブリアス,,ドラゴン,じめん,一般,,こだわりスカーフ,1018-00,ブリジュラス,,はがね,ドラゴン,一般,,オボンのみ,0706-01,ヌメルゴン,ヒスイのすがた,はがね,ドラゴン,一般,,カゴのみ,0635-00,サザンドラ,,あく,ドラゴン,一般,,ラムのみ,0149-00,カイリュー,,ドラゴン,ひこう,一般,,カイリュナイト
571,2327.716,0376-00,メタグロス,,はがね,エスパー,一般,,メタグロスナイト,0823-00,アーマーガア,,ひこう,はがね,一般,,たべのこし,0445-00,ガブリアス,,ドラゴン,じめん,一般,,オボンのみ,0479-02,ロトム,ウォッシュロトム,でんき,みず,一般,,こだわりスカーフ,0937-00,ソウブレイズ,,ほのお,ゴースト,一般,,きあいのタスキ,0154-00,メガニウム,,くさ,,一般,,メガニウムナイト
573,2327.608,0448-00,ルカリオ,,かくとう,はがね,一般,,ルカリオナイト,0006-00,リザードン,,ほのお,ひこう,一般,,リザードナイトＸ,0450-00,カバルドン,,じめん,,一般,,オボンのみ,0778-00,ミミッキュ,ばけたすがた,ゴースト,フェアリー,一般,,いのちのたま,0479-02,ロトム,ウォッシュロトム,でんき,みず,一般,,たべのこし,0658-00,ゲッコウガ,,みず,あく,一般,,こだわりスカーフ
585,2325.305,0450-00,カバルドン,,じめん,,一般,,たべのこし,0376-00,メタグロス,,はがね,エスパー,一般,,メタグロスナイト,0635-00,サザンドラ,,あく,ドラゴン,一般,,いのちのたま,0908-00,マスカーニャ,,くさ,あく,一般,,こだわりスカーフ,0006-00,リザードン,,ほのお,ひこう,一般,,リザードナイトＸ,0730-00,アシレーヌ,,みず,フェアリー,一般,,オボンのみ
592,2323.574,0730-00,アシレーヌ,,みず,フェアリー,一般,,オボンのみ,0260-00,ラグラージ,,みず,じめん,一般,,ラグラージナイト,0212-00,ハッサム,,むし,はがね,一般,,,1018-00,ブリジュラス,,はがね,ドラゴン,一般,,しろいハーブ,0398-00,ムクホーク,,ノーマル,ひこう,一般,,こだわりスカーフ,0473-00,マンムー,,こおり,じめん,一般,,きあいのタスキ
594,2323.397,0970-00,キラフロル,,いわ,どく,一般,,キラフロルナイト,0952-00,スコヴィラン,,くさ,ほのお,一般,,スコヴィラナイト,0445-00,ガブリアス,,ドラゴン,じめん,一般,,オボンのみ,0350-00,ミロカロス,,みず,,一般,,たべのこし,0778-00,ミミッキュ,ばけたすがた,ゴースト,フェアリー,一般,,のろいのおふだ,0132-00,メタモン,,ノーマル,,一般,,きあいのタスキ
603,2322.555,0681-00,ギルガルド,シールドフォルム,はがね,ゴースト,一般,,たべのこし,0149-00,カイリュー,,ドラゴン,ひこう,一般,,カイリュナイト,0450-00,カバルドン,,じめん,,一般,,オボンのみ,0908-00,マスカーニャ,,くさ,あく,一般,,こだわりスカーフ,0503-01,ダイケンキ,ヒスイのすがた,みず,あく,一般,,くろいメガネ,0970-00,キラフロル,,いわ,どく,一般,,キラフロルナイト
621,2320.440,0450-00,カバルドン,,じめん,,一般,,たべのこし,0376-00,メタグロス,,はがね,エスパー,一般,,メタグロスナイト,0635-00,サザンドラ,,あく,ドラゴン,一般,,こだわりスカーフ,0730-00,アシレーヌ,,みず,フェアリー,一般,,オボンのみ,0655-00,マフォクシー,,ほのお,エスパー,一般,,マフォクシナイト,0778-00,ミミッキュ,ばけたすがた,ゴースト,フェアリー,一般,,いのちのたま
628,2319.930,0279-00,ペリッパー,,みず,ひこう,一般,,しめったいわ,1018-00,ブリジュラス,,はがね,ドラゴン,一般,,たべのこし,0260-00,ラグラージ,,みず,じめん,一般,,ラグラージナイト,0149-00,カイリュー,,ドラゴン,ひこう,一般,,カイリュナイト,0376-00,メタグロス,,はがね,エスパー,一般,,メタグロスナイト,0908-00,マスカーニャ,,くさ,あく,一般,,こだわりスカーフ
637,2319.359,0398-00,ムクホーク,,ノーマル,ひこう,一般,,こだわりスカーフ,0260-00,ラグラージ,,みず,じめん,一般,,オボンのみ,0212-00,ハッサム,,むし,はがね,一般,,ハッサムナイト,0038-01,キュウコン,アローラのすがた,こおり,フェアリー,一般,,とけないこおり,0939-00,ハラバリー,,でんき,,一般,,たべのこし,0036-00,ピクシー,,フェアリー,,一般,,ピクシナイト
638,2319.211,0983-00,ドドゲザン,,あく,はがね,一般,,くろいメガネ,0130-00,ギャラドス,,みず,ひこう,一般,,たべのこし,0655-00,マフォクシー,,ほのお,エスパー,一般,,マフォクシナイト,0970-00,キラフロル,,いわ,どく,一般,,きあいのタスキ,0778-00,ミミッキュ,ばけたすがた,ゴースト,フェアリー,一般,,いのちのたま,0445-00,ガブリアス,,ドラゴン,じめん,一般,,ラムのみ
644,2223.590,0450-00,カバルドン,,じめん,,一般,,たべのこし,0006-00,リザードン,,ほのお,ひこう,一般,,リザードナイトＸ,0094-00,ゲンガー,,ゴースト,どく,一般,,ゲンガナイト,0395-00,エンペルト,,みず,はがね,一般,,きあいのタスキ,0635-00,サザンドラ,,あく,ドラゴン,一般,,こだわりスカーフ,0979-00,コノヨザル,,かくとう,ゴースト,一般,,オボンのみ
648,2318.656,0257-00,バシャーモ,,ほのお,かくとう,一般,,バシャーモナイト,0778-00,ミミッキュ,ばけたすがた,ゴースト,フェアリー,一般,,いのちのたま,0445-00,ガブリアス,,ドラゴン,じめん,一般,,こだわりスカーフ,0939-00,ハラバリー,,でんき,,一般,,オボンのみ,0197-00,ブラッキー,,あく,,一般,,たべのこし,0071-00,ウツボット,,くさ,どく,一般,,ウツボットナイト
649,2318.526,0130-00,ギャラドス,,みず,ひこう,一般,,ギャラドスナイト,0784-00,ジャラランガ,,ドラゴン,かくとう,一般,,きあいのタスキ,0637-00,ウルガモス,,むし,ほのお,一般,,オボンのみ,0902-00,イダイトウ,オスのすがた,みず,ゴースト,一般,,こだわりスカーフ,0823-00,アーマーガア,,ひこう,はがね,一般,,たべのこし,0376-00,メタグロス,,はがね,エスパー,一般,,メタグロスナイト
669,2317.125,0823-00,アーマーガア,,ひこう,はがね,一般,,たべのこし,0006-00,リザードン,,ほのお,ひこう,一般,,リザードナイトＹ,0445-00,ガブリアス,,ドラゴン,じめん,一般,,こだわりスカーフ,1018-00,ブリジュラス,,はがね,ドラゴン,一般,,オボンのみ,0658-00,ゲッコウガ,,みず,あく,一般,,きあいのタスキ,0670-05,フラエッテ,えいえんのはな,フェアリー,,一般,,フラエッテナイト
672,2316.986,0979-00,コノヨザル,,かくとう,ゴースト,一般,,きあいのタスキ,0584-00,バイバニラ,,こおり,,一般,,とけないこおり,1000-00,サーフゴー,,はがね,ゴースト,一般,,ひかりのねんど,0450-00,カバルドン,,じめん,,一般,,オボンのみ,0130-00,ギャラドス,,みず,ひこう,一般,,ギャラドスナイト,0257-00,バシャーモ,,ほのお,かくとう,一般,,バシャーモナイト
676,2316.725,0006-00,リザードン,,ほのお,ひこう,一般,,リザードナイトＹ,0450-00,カバルドン,,じめん,,一般,,たべのこし,0376-00,メタグロス,,はがね,エスパー,一般,,メタグロスナイト,0730-00,アシレーヌ,,みず,フェアリー,一般,,オボンのみ,0635-00,サザンドラ,,あく,ドラゴン,一般,,こだわりスカーフ,0445-00,ガブリアス,,ドラゴン,じめん,一般,,きあいのタスキ
684,2316.289,0248-00,バンギラス,,いわ,あく,一般,,さらさらいわ,0530-00,ドリュウズ,,じめん,はがね,一般,,いのちのたま,0154-00,メガニウム,,くさ,,一般,,メガニウムナイト,0149-00,カイリュー,,ドラゴン,ひこう,一般,,カイリュナイト,0450-00,カバルドン,,じめん,,一般,,オボンのみ,0681-00,ギルガルド,シールドフォルム,はがね,ゴースト,一般,,のろいのおふだ
687,2316.117,0132-00,メタモン,,ノーマル,,一般,,こだわりスカーフ,0925-00,イッカネズミ,３びきかぞく,ノーマル,,一般,,こうかくレンズ,0855-00,ポットデス,がんさくフォルム,ゴースト,,一般,,しろいハーブ,0479-02,ロトム,ウォッシュロトム,でんき,みず,一般,,オボンのみ,0121-00,スターミー,,みず,エスパー,一般,,スターミナイト,0376-00,メタグロス,,はがね,エスパー,一般,,メタグロスナイト
700,2315.172,0503-01,ダイケンキ,ヒスイのすがた,みず,あく,一般,,きあいのタスキ,0257-00,バシャーモ,,ほのお,かくとう,一般,,バシャーモナイト,0026-00,ライチュウ,,でんき,,一般,,ライチュウナイトＹ,1000-00,サーフゴー,,はがね,ゴースト,一般,,メタルコート,0450-00,カバルドン,,じめん,,一般,,オボンのみ,0130-00,ギャラドス,,みず,ひこう,一般,,たべのこし
703,2315.000,0154-00,メガニウム,,くさ,,一般,,メガニウムナイト,0937-00,ソウブレイズ,,ほのお,ゴースト,一般,,のろいのおふだ,0450-00,カバルドン,,じめん,,一般,,ラムのみ,0080-00,ヤドラン,,みず,エスパー,一般,,オボンのみ,0303-00,クチート,,はがね,フェアリー,一般,,クチートナイト,0939-00,ハラバリー,,でんき,,一般,,たべのこし
708,2314.801,0376-00,メタグロス,,はがね,エスパー,一般,,メタグロスナイト,0635-00,サザンドラ,,あく,ドラゴン,一般,,こだわりスカーフ,0547-00,エルフーン,,くさ,フェアリー,一般,,たべのこし,0479-02,ロトム,ウォッシュロトム,でんき,みず,一般,,オボンのみ,0545-00,ペンドラー,,むし,どく,一般,,きあいのタスキ,0026-00,ライチュウ,,でんき,,一般,,ライチュウナイトＹ
711,2311.479,0655-00,マフォクシー,,ほのお,エスパー,一般,,マフォクシナイト,0730-00,アシレーヌ,,みず,フェアリー,一般,,オボンのみ,0303-00,クチート,,はがね,フェアリー,一般,,クチートナイト,0635-00,サザンドラ,,あく,ドラゴン,一般,,こだわりスカーフ,0143-00,カビゴン,,ノーマル,,一般,,たべのこし,0445-00,ガブリアス,,ドラゴン,じめん,一般,,きあいのタスキ
717,2314.203,0376-00,メタグロス,,はがね,エスパー,一般,,メタグロスナイト,0635-00,サザンドラ,,あく,ドラゴン,一般,,こだわりスカーフ,0154-00,メガニウム,,くさ,,一般,,メガニウムナイト,0902-00,イダイトウ,オスのすがた,みず,ゴースト,一般,,しんぴのしずく,0450-00,カバルドン,,じめん,,一般,,たべのこし,1018-00,ブリジュラス,,はがね,ドラゴン,一般,,オボンのみ
718,2314.163,0471-00,グレイシア,,こおり,,一般,,ヨプのみ,0303-00,クチート,,はがね,フェアリー,一般,,クチートナイト,1013-00,ヤバソチャ,ボンサクのすがた,くさ,ゴースト,一般,,オボンのみ,0681-00,ギルガルド,シールドフォルム,はがね,ゴースト,一般,,きあいのタスキ,0130-00,ギャラドス,,みず,ひこう,一般,,ギャラドスナイト,0658-00,ゲッコウガ,,みず,あく,一般,,いのちのたま
719,2314.139,0547-00,エルフーン,,くさ,フェアリー,一般,,たべのこし,0691-00,ドラミドロ,,どく,ドラゴン,一般,,りゅうのキバ,0358-00,チリーン,,エスパー,,一般,,チリーンナイト,0668-00,カエンジシ,,ほのお,ノーマル,一般,,カエンジシナイト,0248-00,バンギラス,,いわ,あく,一般,,シュカのみ,0184-00,マリルリ,,みず,フェアリー,一般,,オボンのみ
720,2314.064,0503-01,ダイケンキ,ヒスイのすがた,みず,あく,一般,,きあいのタスキ,0130-00,ギャラドス,,みず,ひこう,一般,,ギャラドスナイト,1018-00,ブリジュラス,,はがね,ドラゴン,一般,,こだわりスカーフ,0450-00,カバルドン,,じめん,,一般,,オボンのみ,0149-00,カイリュー,,ドラゴン,ひこう,一般,,カイリュナイト,0681-00,ギルガルド,シールドフォルム,はがね,ゴースト,一般,,たべのこし
723,2314.020,0445-00,ガブリアス,,ドラゴン,じめん,一般,,オボンのみ,0149-00,カイリュー,,ドラゴン,ひこう,一般,,たつじんのおび,0448-00,ルカリオ,,かくとう,はがね,一般,,ルカリオナイト,0778-00,ミミッキュ,ばけたすがた,ゴースト,フェアリー,一般,,ピントレンズ,0658-00,ゲッコウガ,,みず,あく,一般,,ゲッコウガナイト,0956-00,クエスパトラ,,エスパー,,一般,,きあいのタスキ
725,2313.871,0964-00,イルカマン,ナイーブフォルム,みず,,一般,,たべのこし,0635-00,サザンドラ,,あく,ドラゴン,一般,,こだわりスカーフ,0376-00,メタグロス,,はがね,エスパー,一般,,メタグロスナイト,0691-00,ドラミドロ,,どく,ドラゴン,一般,,ドラミドナイト,0861-00,オーロンゲ,,あく,フェアリー,一般,,ひかりのねんど,0071-00,ウツボット,,くさ,どく,一般,,ウツボットナイト
727,2313.615,0655-00,マフォクシー,,ほのお,エスパー,一般,,マフォクシナイト,0658-00,ゲッコウガ,,みず,あく,一般,,きあいのタスキ,0778-00,ミミッキュ,ばけたすがた,ゴースト,フェアリー,一般,,いのちのたま,0134-00,シャワーズ,,みず,,一般,,たべのこし,0303-00,クチート,,はがね,フェアリー,一般,,クチートナイト,0861-00,オーロンゲ,,あく,フェアリー,一般,,ひかりのねんど
730,2313.567,0257-00,バシャーモ,,ほのお,かくとう,一般,,バシャーモナイト,0658-00,ゲッコウガ,,みず,あく,一般,,ゲッコウガナイト,0681-00,ギルガルド,シールドフォルム,はがね,ゴースト,一般,,のろいのおふだ,0184-00,マリルリ,,みず,フェアリー,一般,,オボンのみ,1018-00,ブリジュラス,,はがね,ドラゴン,一般,,しろいハーブ,0450-00,カバルドン,,じめん,,一般,,たべのこし
732,2313.545,0376-00,メタグロス,,はがね,エスパー,一般,,メタグロスナイト,0635-00,サザンドラ,,あく,ドラゴン,一般,,こだわりスカーフ,0450-00,カバルドン,,じめん,,一般,,オボンのみ,0730-00,アシレーヌ,,みず,フェアリー,一般,,ラムのみ,0904-00,ハリーマン,,あく,どく,一般,,たべのこし,0655-00,マフォクシー,,ほのお,エスパー,一般,,マフォクシナイト
737,2313.309,0637-00,ウルガモス,,むし,ほのお,一般,,きあいのタスキ,0130-00,ギャラドス,,みず,ひこう,一般,,ギャラドスナイト,0861-00,オーロンゲ,,あく,フェアリー,一般,,ひかりのねんど,0445-00,ガブリアス,,ドラゴン,じめん,一般,,オボンのみ,0478-00,ユキメノコ,,こおり,ゴースト,一般,,ユキメノコナイト,0212-00,ハッサム,,むし,はがね,一般,,いのちのたま
739,2313.263,0094-00,ゲンガー,,ゴースト,どく,一般,,ゲンガナイト,0121-00,スターミー,,みず,エスパー,一般,,スターミナイト,0939-00,ハラバリー,,でんき,,一般,,オボンのみ,0908-00,マスカーニャ,,くさ,あく,一般,,きあいのタスキ,0547-00,エルフーン,,くさ,フェアリー,一般,,たべのこし,0257-00,バシャーモ,,ほのお,かくとう,一般,,バシャーモナイト
741,2313.224,0666-18,ビビヨン,ファンシーなもよう,むし,ひこう,一般,,たべのこし,0956-00,クエスパトラ,,エスパー,,一般,,きあいのタスキ,0983-00,ドドゲザン,,あく,はがね,一般,,いのちのたま,0658-00,ゲッコウガ,,みず,あく,一般,,ゲッコウガナイト,1018-00,ブリジュラス,,はがね,ドラゴン,一般,,しろいハーブ,0778-00,ミミッキュ,ばけたすがた,ゴースト,フェアリー,一般,,ようせいのハネ
742,2313.156,0398-00,ムクホーク,,ノーマル,ひこう,一般,,こだわりスカーフ,0670-05,フラエッテ,えいえんのはな,フェアリー,,一般,,きあいのタスキ,0212-00,ハッサム,,むし,はがね,一般,,ハッサムナイト,0658-00,ゲッコウガ,,みず,あく,一般,,ゲッコウガナイト,0003-00,フシギバナ,,くさ,どく,一般,,しろいハーブ,0324-00,コータス,,ほのお,,一般,,あついいわ
749,2312.727,0668-00,カエンジシ,,ほのお,ノーマル,一般,,カエンジシナイト,0823-00,アーマーガア,,ひこう,はがね,一般,,たべのこし,0445-00,ガブリアス,,ドラゴン,じめん,一般,,きあいのタスキ,0670-05,フラエッテ,えいえんのはな,フェアリー,,一般,,フラエッテナイト,0902-00,イダイトウ,オスのすがた,みず,ゴースト,一般,,しんぴのしずく,0730-00,アシレーヌ,,みず,フェアリー,一般,,オボンのみ
751,2312.605,1018-00,ブリジュラス,,はがね,ドラゴン,一般,,オボンのみ,0448-00,ルカリオ,,かくとう,はがね,一般,,ルカリオナイト,0130-00,ギャラドス,,みず,ひこう,一般,,ギャラドスナイト,0902-00,イダイトウ,オスのすがた,みず,ゴースト,一般,,きあいのタスキ,0445-00,ガブリアス,,ドラゴン,じめん,一般,,こだわりスカーフ,0036-00,ピクシー,,フェアリー,,一般,,たべのこし
755,2312.534,0983-00,ドドゲザン,,あく,はがね,一般,,くろいメガネ,0006-00,リザードン,,ほのお,ひこう,一般,,リザードナイトＸ,0658-00,ゲッコウガ,,みず,あく,一般,,いのちのたま,0445-00,ガブリアス,,ドラゴン,じめん,一般,,きあいのタスキ,0730-00,アシレーヌ,,みず,フェアリー,一般,,ラムのみ,0376-00,メタグロス,,はがね,エスパー,一般,,メタグロスナイト
758,2312.396,0952-00,スコヴィラン,,くさ,ほのお,一般,,たべのこし,0071-00,ウツボット,,くさ,どく,一般,,ウツボットナイト,0908-00,マスカーニャ,,くさ,あく,一般,,きあいのタスキ,0497-00,ジャローダ,,くさ,,一般,,ひかりのねんど,0389-00,ドダイトス,,くさ,じめん,一般,,オッカのみ,0460-00,ユキノオー,,くさ,こおり,一般,,ユキノオナイト
759,2312.385,0473-00,マンムー,,こおり,じめん,一般,,きあいのタスキ,0887-00,ドラパルト,,ドラゴン,ゴースト,一般,,こだわりスカーフ,0983-00,ドドゲザン,,あく,はがね,一般,,ラムのみ,0154-00,メガニウム,,くさ,,一般,,メガニウムナイト,0130-00,ギャラドス,,みず,ひこう,一般,,ギャラドスナイト,0902-00,イダイトウ,オスのすがた,みず,ゴースト,一般,,いのちのたま
783,2311.273,0303-00,クチート,,はがね,フェアリー,一般,,クチートナイト,0006-00,リザードン,,ほのお,ひこう,一般,,リザードナイトＹ,0908-00,マスカーニャ,,くさ,あく,一般,,きあいのタスキ,0579-00,ランクルス,,エスパー,,一般,,いのちのたま,0730-00,アシレーヌ,,みず,フェアリー,一般,,しんぴのしずく,0398-00,ムクホーク,,ノーマル,ひこう,一般,,こだわりスカーフ
792,2310.817,0877-00,モルペコ,まんぷくもよう,でんき,あく,一般,,きあいのタスキ,0006-00,リザードン,,ほのお,ひこう,一般,,リザードナイトＹ,0450-00,カバルドン,,じめん,,一般,,オボンのみ,0964-00,イルカマン,ナイーブフォルム,みず,,一般,,しんぴのしずく,0154-00,メガニウム,,くさ,,一般,,メガニウムナイト,0983-00,ドドゲザン,,あく,はがね,一般,,くろいメガネ
795,2310.776,0655-00,マフォクシー,,ほのお,エスパー,一般,,マフォクシナイト,0668-00,カエンジシ,,ほのお,ノーマル,一般,,カエンジシナイト,0635-00,サザンドラ,,あく,ドラゴン,一般,,こだわりスカーフ,1018-00,ブリジュラス,,はがね,ドラゴン,一般,,ピントレンズ,0730-00,アシレーヌ,,みず,フェアリー,一般,,オボンのみ,0778-00,ミミッキュ,ばけたすがた,ゴースト,フェアリー,一般,,いのちのたま
796,2310.732,0094-00,ゲンガー,,ゴースト,どく,一般,,きあいのタスキ,0904-00,ハリーマン,,あく,どく,一般,,たべのこし,0121-00,スターミー,,みず,エスパー,一般,,スターミナイト,0569-00,ダストダス,,どく,,一般,,でんきだま,0003-00,フシギバナ,,くさ,どく,一般,,フシギバナイト,0778-00,ミミッキュ,ばけたすがた,ゴースト,フェアリー,一般,,いのちのたま
801,2310.593,0970-00,キラフロル,,いわ,どく,一般,,キラフロルナイト,0681-00,ギルガルド,シールドフォルム,はがね,ゴースト,一般,,のろいのおふだ,0450-00,カバルドン,,じめん,,一般,,オボンのみ,0635-00,サザンドラ,,あく,ドラゴン,一般,,こだわりスカーフ,0130-00,ギャラドス,,みず,ひこう,一般,,たべのこし,0154-00,メガニウム,,くさ,,一般,,メガニウムナイト
802,2310.579,0983-00,ドドゲザン,,あく,はがね,一般,,くろいメガネ,0445-00,ガブリアス,,ドラゴン,じめん,一般,,オボンのみ,0130-00,ギャラドス,,みず,ひこう,一般,,ギャラドスナイト,0038-01,キュウコン,アローラのすがた,こおり,フェアリー,一般,,ひかりのねんど,0658-00,ゲッコウガ,,みず,あく,一般,,きあいのタスキ,0655-00,マフォクシー,,ほのお,エスパー,一般,,マフォクシナイト
804,2310.392,0121-00,スターミー,,みず,エスパー,一般,,スターミナイト,0257-00,バシャーモ,,ほのお,かくとう,一般,,バシャーモナイト,0823-00,アーマーガア,,ひこう,はがね,一般,,たべのこし,0939-00,ハラバリー,,でんき,,一般,,オボンのみ,0503-01,ダイケンキ,ヒスイのすがた,みず,あく,一般,,くろいメガネ,0635-00,サザンドラ,,あく,ドラゴン,一般,,ラムのみ
811,2309.981,0303-00,クチート,,はがね,フェアリー,一般,,クチートナイト,0778-00,ミミッキュ,ばけたすがた,ゴースト,フェアリー,一般,,いのちのたま,0730-00,アシレーヌ,,みず,フェアリー,一般,,ラムのみ,0911-00,ラウドボーン,,ほのお,ゴースト,一般,,オボンのみ,0635-00,サザンドラ,,あく,ドラゴン,一般,,こだわりスカーフ,0475-00,エルレイド,,エスパー,かくとう,一般,,きあいのタスキ
812,2309.966,0303-00,クチート,,はがね,フェアリー,一般,,クチートナイト,0700-00,ニンフィア,,フェアリー,,一般,,たべのこし,0902-01,イダイトウ,メスのすがた,みず,ゴースト,一般,,しんぴのしずく,0450-00,カバルドン,,じめん,,一般,,オボンのみ,0908-00,マスカーニャ,,くさ,あく,一般,,きあいのタスキ,0149-00,カイリュー,,ドラゴン,ひこう,一般,,カイリュナイト
814,2309.815,0026-00,ライチュウ,,でんき,,一般,,ライチュウナイトＹ,0184-00,マリルリ,,みず,フェアリー,一般,,オボンのみ,0094-00,ゲンガー,,ゴースト,どく,一般,,きあいのタスキ,1018-00,ブリジュラス,,はがね,ドラゴン,一般,,しろいハーブ,0227-00,エアームド,,はがね,ひこう,一般,,エアームドナイト,0635-00,サザンドラ,,あく,ドラゴン,一般,,こだわりスカーフ
820,2309.435,0445-00,ガブリアス,,ドラゴン,じめん,一般,,ラムのみ,0658-00,ゲッコウガ,,みず,あく,一般,,きあいのタスキ,0257-00,バシャーモ,,ほのお,かくとう,一般,,バシャーモナイト,1018-00,ブリジュラス,,はがね,ドラゴン,一般,,オボンのみ,0038-01,キュウコン,アローラのすがた,こおり,フェアリー,一般,,ひかりのねんど,0130-00,ギャラドス,,みず,ひこう,一般,,ギャラドスナイト
822,2309.408,0545-00,ペンドラー,,むし,どく,一般,,メンタルハーブ,0149-00,カイリュー,,ドラゴン,ひこう,一般,,カイリュナイト,1000-00,サーフゴー,,はがね,ゴースト,一般,,たべのこし,0908-00,マスカーニャ,,くさ,あく,一般,,きあいのタスキ,0778-00,ミミッキュ,ばけたすがた,ゴースト,フェアリー,一般,,いのちのたま,0730-00,アシレーヌ,,みず,フェアリー,一般,,オボンのみ
823,2309.378,0154-00,メガニウム,,くさ,,一般,,メガニウムナイト,0450-00,カバルドン,,じめん,,一般,,たべのこし,1000-00,サーフゴー,,はがね,ゴースト,一般,,こだわりスカーフ,0248-00,バンギラス,,いわ,あく,一般,,リンドのみ,0983-00,ドドゲザン,,あく,はがね,一般,,いのちのたま,0479-01,ロトム,ヒートロトム,でんき,ほのお,一般,,オボンのみ
827,2309.148,0009-00,カメックス,,みず,,一般,,カメックスナイト,0130-00,ギャラドス,,みず,ひこう,一般,,ギャラドスナイト,0094-00,ゲンガー,,ゴースト,どく,一般,,ゲンガナイト,0637-00,ウルガモス,,むし,ほのお,一般,,オボンのみ,0445-00,ガブリアス,,ドラゴン,じめん,一般,,ラムのみ,0861-00,オーロンゲ,,あく,フェアリー,一般,,ひかりのねんど
831,2309.066,0691-00,ドラミドロ,,どく,ドラゴン,一般,,ドラミドナイト,0823-00,アーマーガア,,ひこう,はがね,一般,,たべのこし,0503-01,ダイケンキ,ヒスイのすがた,みず,あく,一般,,こだわりスカーフ,1013-00,ヤバソチャ,ボンサクのすがた,くさ,ゴースト,一般,,オボンのみ,0670-05,フラエッテ,えいえんのはな,フェアリー,,一般,,フラエッテナイト,0911-00,ラウドボーン,,ほのお,ゴースト,一般,,シュカのみ
834,2309.020,0026-00,ライチュウ,,でんき,,一般,,ライチュウナイトＹ,0115-00,ガルーラ,,ノーマル,,一般,,ガルーラナイト,0908-00,マスカーニャ,,くさ,あく,一般,,こだわりスカーフ,0450-00,カバルドン,,じめん,,一般,,たべのこし,0778-00,ミミッキュ,ばけたすがた,ゴースト,フェアリー,一般,,いのちのたま,0730-00,アシレーヌ,,みず,フェアリー,一般,,きあいのタスキ
845,2308.644,0445-00,ガブリアス,,ドラゴン,じめん,一般,,オボンのみ,0398-00,ムクホーク,,ノーマル,ひこう,一般,,ムクホークナイト,0038-01,キュウコン,アローラのすがた,こおり,フェアリー,一般,,ひかりのねんど,0658-00,ゲッコウガ,,みず,あく,一般,,ゲッコウガナイト,1018-00,ブリジュラス,,はがね,ドラゴン,一般,,たべのこし,1000-00,サーフゴー,,はがね,ゴースト,一般,,シュカのみ
850,2308.293,0003-00,フシギバナ,,くさ,どく,一般,,フシギバナイト,0911-00,ラウドボーン,,ほのお,ゴースト,一般,,オボンのみ,0197-00,ブラッキー,,あく,,一般,,たべのこし,0445-00,ガブリアス,,ドラゴン,じめん,一般,,ハバンのみ,0038-01,キュウコン,アローラのすがた,こおり,フェアリー,一般,,ひかりのねんど,0130-00,ギャラドス,,みず,ひこう,一般,,ギャラドスナイト
865,2307.454,0149-00,カイリュー,,ドラゴン,ひこう,一般,,カイリュナイト,0681-00,ギルガルド,シールドフォルム,はがね,ゴースト,一般,,のろいのおふだ,0730-00,アシレーヌ,,みず,フェアリー,一般,,オボンのみ,0428-00,ミミロップ,,ノーマル,,一般,,ミミロップナイト,1018-00,ブリジュラス,,はがね,ドラゴン,一般,,たべのこし,0778-00,ミミッキュ,ばけたすがた,ゴースト,フェアリー,一般,,いのちのたま
866,2307.448,0227-00,エアームド,,はがね,ひこう,一般,,エアームドナイト,0303-00,クチート,,はがね,フェアリー,一般,,クチートナイト,0376-00,メタグロス,,はがね,エスパー,一般,,オッカのみ,0706-01,ヌメルゴン,ヒスイのすがた,はがね,ドラゴン,一般,,シュカのみ,0681-00,ギルガルド,シールドフォルム,はがね,ゴースト,一般,,きあいのタスキ,1018-00,ブリジュラス,,はがね,ドラゴン,一般,,しろいハーブ
873,2306.939,0740-00,ケケンカニ,,かくとう,こおり,一般,,きあいのタスキ,0637-00,ウルガモス,,むし,ほのお,一般,,ラムのみ,0121-00,スターミー,,みず,エスパー,一般,,スターミナイト,0778-00,ミミッキュ,ばけたすがた,ゴースト,フェアリー,一般,,いのちのたま,0445-00,ガブリアス,,ドラゴン,じめん,一般,,こだわりスカーフ,1018-00,ブリジュラス,,はがね,ドラゴン,一般,,しろいハーブ
874,2306.929,0376-00,メタグロス,,はがね,エスパー,一般,,メタグロスナイト,0479-01,ロトム,ヒートロトム,でんき,ほのお,一般,,たべのこし,0730-00,アシレーヌ,,みず,フェアリー,一般,,カゴのみ,0908-00,マスカーニャ,,くさ,あく,一般,,こだわりスカーフ,0445-00,ガブリアス,,ドラゴン,じめん,一般,,きあいのタスキ,0398-00,ムクホーク,,ノーマル,ひこう,一般,,オボンのみ
876,2306.864,0478-00,ユキメノコ,,こおり,ゴースト,一般,,ユキメノコナイト,1018-00,ブリジュラス,,はがね,ドラゴン,一般,,たべのこし,0130-00,ギャラドス,,みず,ひこう,一般,,ギャラドスナイト,0450-00,カバルドン,,じめん,,一般,,オボンのみ,0475-00,エルレイド,,エスパー,かくとう,一般,,きあいのタスキ,0670-05,フラエッテ,えいえんのはな,フェアリー,,一般,,こだわりスカーフ
885,2306.669,0655-00,マフォクシー,,ほのお,エスパー,一般,,マフォクシナイト,1018-00,ブリジュラス,,はがね,ドラゴン,一般,,オボンのみ,0730-00,アシレーヌ,,みず,フェアリー,一般,,たべのこし,0398-00,ムクホーク,,ノーマル,ひこう,一般,,ムクホークナイト,0983-00,ドドゲザン,,あく,はがね,一般,,くろいメガネ,0778-00,ミミッキュ,ばけたすがた,ゴースト,フェアリー,一般,,いのちのたま
888,2306.478,0503-01,ダイケンキ,ヒスイのすがた,みず,あく,一般,,きあいのタスキ,0956-00,クエスパトラ,,エスパー,,一般,,カシブのみ,1000-00,サーフゴー,,はがね,ゴースト,一般,,こだわりスカーフ,0450-00,カバルドン,,じめん,,一般,,オボンのみ,0149-00,カイリュー,,ドラゴン,ひこう,一般,,カイリュナイト,0154-00,メガニウム,,くさ,,一般,,メガニウムナイト
892,2306.414,0257-00,バシャーモ,,ほのお,かくとう,一般,,バシャーモナイト,0445-00,ガブリアス,,ドラゴン,じめん,一般,,オボンのみ,0903-00,オオニューラ,,かくとう,どく,一般,,きあいのタスキ,0036-00,ピクシー,,フェアリー,,一般,,ピクシナイト,1000-00,サーフゴー,,はがね,ゴースト,一般,,たべのこし,0132-00,メタモン,,ノーマル,,一般,,こだわりスカーフ
893,2306.353,0655-00,マフォクシー,,ほのお,エスパー,一般,,マフォクシナイト,0908-00,マスカーニャ,,くさ,あく,一般,,こだわりスカーフ,0730-00,アシレーヌ,,みず,フェアリー,一般,,きあいのタスキ,0130-00,ギャラドス,,みず,ひこう,一般,,ギャラドスナイト,0861-00,オーロンゲ,,あく,フェアリー,一般,,ひかりのねんど,1018-00,ブリジュラス,,はがね,ドラゴン,一般,,オボンのみ
900,2306.116,0448-00,ルカリオ,,かくとう,はがね,一般,,ルカリオナイト,0655-00,マフォクシー,,ほのお,エスパー,一般,,マフォクシナイト,0778-00,ミミッキュ,ばけたすがた,ゴースト,フェアリー,一般,,いのちのたま,0908-00,マスカーニャ,,くさ,あく,一般,,きあいのタスキ,0730-00,アシレーヌ,,みず,フェアリー,一般,,たべのこし,0445-00,ガブリアス,,ドラゴン,じめん,一般,,こだわりスカーフ
902,2305.976,0303-00,クチート,,はがね,フェアリー,一般,,クチートナイト,0006-00,リザードン,,ほのお,ひこう,一般,,リザードナイトＹ,0658-00,ゲッコウガ,,みず,あく,一般,,きあいのタスキ,0778-00,ミミッキュ,ばけたすがた,ゴースト,フェアリー,一般,,いのちのたま,0350-00,ミロカロス,,みず,,一般,,たべのこし,0445-00,ガブリアス,,ドラゴン,じめん,一般,,オボンのみ
903,2305.974,0700-00,ニンフィア,,フェアリー,,一般,,たべのこし,0908-00,マスカーニャ,,くさ,あく,一般,,こだわりスカーフ,1018-00,ブリジュラス,,はがね,ドラゴン,一般,,オボンのみ,0658-00,ゲッコウガ,,みず,あく,一般,,きあいのタスキ,0376-00,メタグロス,,はがね,エスパー,一般,,メタグロスナイト,0257-00,バシャーモ,,ほのお,かくとう,一般,,いのちのたま
906,2305.720,0398-00,ムクホーク,,ノーマル,ひこう,一般,,ムクホークナイト,0685-00,ペロリーム,,フェアリー,,一般,,オボンのみ,0911-00,ラウドボーン,,ほのお,ゴースト,一般,,たべのこし,1018-00,ブリジュラス,,はがね,ドラゴン,一般,,シュカのみ,0635-00,サザンドラ,,あく,ドラゴン,一般,,ラムのみ,0428-00,ミミロップ,,ノーマル,,一般,,ミミロップナイト
908,2305.586,0398-00,ムクホーク,,ノーマル,ひこう,一般,,こだわりスカーフ,0303-00,クチート,,はがね,フェアリー,一般,,クチートナイト,0445-00,ガブリアス,,ドラゴン,じめん,一般,,きあいのタスキ,0479-01,ロトム,ヒートロトム,でんき,ほのお,一般,,たべのこし,0730-00,アシレーヌ,,みず,フェアリー,一般,,オボンのみ,0658-00,ゲッコウガ,,みず,あく,一般,,ゲッコウガナイト
910,2305.560,0450-00,カバルドン,,じめん,,一般,,オボンのみ,0130-00,ギャラドス,,みず,ひこう,一般,,たべのこし,0970-00,キラフロル,,いわ,どく,一般,,キラフロルナイト,0681-00,ギルガルド,シールドフォルム,はがね,ゴースト,一般,,のろいのおふだ,0428-00,ミミロップ,,ノーマル,,一般,,ミミロップナイト,0398-00,ムクホーク,,ノーマル,ひこう,一般,,こだわりスカーフ
913,2305.423,0026-00,ライチュウ,,でんき,,一般,,ライチュウナイトＹ,0658-00,ゲッコウガ,,みず,あく,一般,,ゲッコウガナイト,0823-00,アーマーガア,,ひこう,はがね,一般,,オボンのみ,0143-00,カビゴン,,ノーマル,,一般,,ヨプのみ,0911-00,ラウドボーン,,ほのお,ゴースト,一般,,たべのこし,0184-00,マリルリ,,みず,フェアリー,一般,,ソクノのみ
924,2304.959,0666-18,ビビヨン,ファンシーなもよう,むし,ひこう,一般,,たべのこし,0428-00,ミミロップ,,ノーマル,,一般,,ミミロップナイト,0778-00,ミミッキュ,ばけたすがた,ゴースト,フェアリー,一般,,いのちのたま,0956-00,クエスパトラ,,エスパー,,一般,,きあいのタスキ,0902-00,イダイトウ,オスのすがた,みず,ゴースト,一般,,しんぴのしずく,1018-00,ブリジュラス,,はがね,ドラゴン,一般,,オボンのみ
928,2304.458,0398-00,ムクホーク,,ノーマル,ひこう,一般,,ムクホークナイト,0279-00,ペリッパー,,みず,ひこう,一般,,オボンのみ,0887-00,ドラパルト,,ドラゴン,ゴースト,一般,,いのちのたま,0121-00,スターミー,,みず,エスパー,一般,,スターミナイト,0553-00,ワルビアル,,じめん,あく,一般,,こだわりスカーフ,1018-00,ブリジュラス,,はがね,ドラゴン,一般,,たべのこし
930,2304.406,0248-00,バンギラス,,いわ,あく,一般,,さらさらいわ,0530-00,ドリュウズ,,じめん,はがね,一般,,いのちのたま,0154-00,メガニウム,,くさ,,一般,,メガニウムナイト,0149-00,カイリュー,,ドラゴン,ひこう,一般,,カイリュナイト,0450-00,カバルドン,,じめん,,一般,,たべのこし,0584-00,バイバニラ,,こおり,,一般,,とけないこおり
933,2304.281,0691-00,ドラミドロ,,どく,ドラゴン,一般,,ドラミドナイト,0460-00,ユキノオー,,くさ,こおり,一般,,ユキノオナイト,0861-00,オーロンゲ,,あく,フェアリー,一般,,たべのこし,0503-01,ダイケンキ,ヒスイのすがた,みず,あく,一般,,たつじんのおび,1000-00,サーフゴー,,はがね,ゴースト,一般,,こだわりスカーフ,0823-00,アーマーガア,,ひこう,はがね,一般,,オボンのみ
958,2303.416,0445-00,ガブリアス,,ドラゴン,じめん,一般,,オボンのみ,0149-00,カイリュー,,ドラゴン,ひこう,一般,,たべのこし,1000-00,サーフゴー,,はがね,ゴースト,一般,,こだわりスカーフ,0637-00,ウルガモス,,むし,ほのお,一般,,ラムのみ,0908-00,マスカーニャ,,くさ,あく,一般,,きあいのタスキ,0670-05,フラエッテ,えいえんのはな,フェアリー,,一般,,フラエッテナイト
962,2303.239,0026-00,ライチュウ,,でんき,,一般,,ライチュウナイトＹ,0094-00,ゲンガー,,ゴースト,どく,一般,,きあいのタスキ,1018-00,ブリジュラス,,はがね,ドラゴン,一般,,しろいハーブ,0778-00,ミミッキュ,ばけたすがた,ゴースト,フェアリー,一般,,いのちのたま,0130-00,ギャラドス,,みず,ひこう,一般,,ギャラドスナイト,1000-00,サーフゴー,,はがね,ゴースト,一般,,オボンのみ
966,2303.131,0248-00,バンギラス,,いわ,あく,一般,,バンギラスナイト,1018-00,ブリジュラス,,はがね,ドラゴン,一般,,ものしりメガネ,0445-00,ガブリアス,,ドラゴン,じめん,一般,,いのちのたま,0038-01,キュウコン,アローラのすがた,こおり,フェアリー,一般,,とけないこおり,0655-00,マフォクシー,,ほのお,エスパー,一般,,マフォクシナイト,0130-00,ギャラドス,,みず,ひこう,一般,,たつじんのおび
983,2302.276,0530-00,ドリュウズ,,じめん,はがね,一般,,いのちのたま,0248-00,バンギラス,,いわ,あく,一般,,さらさらいわ,0450-00,カバルドン,,じめん,,一般,,オボンのみ,0149-00,カイリュー,,ドラゴン,ひこう,一般,,カイリュナイト,0952-00,スコヴィラン,,くさ,ほのお,一般,,スコヴィラナイト,0972-00,ハカドッグ,,ゴースト,,一般,,のろいのおふだ
991,2301.961,0003-00,フシギバナ,,くさ,どく,一般,,フシギバナイト,0197-00,ブラッキー,,あく,,一般,,たべのこし,0681-00,ギルガルド,シールドフォルム,はがね,ゴースト,一般,,いのちのたま,0658-00,ゲッコウガ,,みず,あく,一般,,ゲッコウガナイト,0038-01,キュウコン,アローラのすがた,こおり,フェアリー,一般,,ひかりのねんど,0778-00,ミミッキュ,ばけたすがた,ゴースト,フェアリー,一般,,オボンのみ
996,2301.633,0094-00,ゲンガー,,ゴースト,どく,一般,,ゲンガナイト,0450-00,カバルドン,,じめん,,一般,,たべのこし,1018-00,ブリジュラス,,はがね,ドラゴン,一般,,オボンのみ,0730-00,アシレーヌ,,みず,フェアリー,一般,,カゴのみ,0038-01,キュウコン,アローラのすがた,こおり,フェアリー,一般,,ひかりのねんど,0655-00,マフォクシー,,ほのお,エスパー,一般,,マフォクシナイト
1379,2245.471,0428-00,ミミロップ,,ノーマル,,一般,,ミミロップナイト,0658-00,ゲッコウガ,,みず,あく,一般,,きあいのタスキ,0547-00,エルフーン,,くさ,フェアリー,一般,,たべのこし,1018-00,ブリジュラス,,はがね,ドラゴン,一般,,オボンのみ,0445-00,ガブリアス,,ドラゴン,じめん,一般,,こだわりスカーフ,0655-00,マフォクシー,,ほのお,エスパー,一般,,マフォクシナイト
1381,2245.204,0979-00,コノヨザル,,かくとう,ゴースト,一般,,たべのこし,0861-00,オーロンゲ,,あく,フェアリー,一般,,ひかりのねんど,0952-00,スコヴィラン,,くさ,ほのお,一般,,スコヴィラナイト,0658-00,ゲッコウガ,,みず,あく,一般,,ゲッコウガナイト,0445-00,ガブリアス,,ドラゴン,じめん,一般,,ラムのみ,0970-00,キラフロル,,いわ,どく,一般,,キラフロルナイト
1472,2237.695,0460-00,ユキノオー,,くさ,こおり,一般,,ひかりのねんど,0635-00,サザンドラ,,あく,ドラゴン,一般,,こだわりスカーフ,0376-00,メタグロス,,はがね,エスパー,一般,,メタグロスナイト,0130-00,ギャラドス,,みず,ひこう,一般,,オボンのみ,0036-00,ピクシー,,フェアリー,,一般,,ピクシナイト,0026-00,ライチュウ,,でんき,,一般,,ライチュウナイトＸ
1483,2236.891,0902-00,イダイトウ,オスのすがた,みず,ゴースト,一般,,きあいのタスキ,0778-00,ミミッキュ,ばけたすがた,ゴースト,フェアリー,一般,,ラムのみ,0730-00,アシレーヌ,,みず,フェアリー,一般,,カゴのみ,0149-00,カイリュー,,ドラゴン,ひこう,一般,,カイリュナイト,0398-00,ムクホーク,,ノーマル,ひこう,一般,,ムクホークナイト,0908-00,マスカーニャ,,くさ,あく,一般,,オボンのみ
1520,2233.616,0303-00,クチート,,はがね,フェアリー,一般,,クチートナイト,0479-02,ロトム,ウォッシュロトム,でんき,みず,一般,,オボンのみ,0149-00,カイリュー,,ドラゴン,ひこう,一般,,カイリュナイト,0445-00,ガブリアス,,ドラゴン,じめん,一般,,きあいのタスキ,0197-00,ブラッキー,,あく,,一般,,たべのこし,0903-00,オオニューラ,,かくとう,どく,一般,,こだわりスカーフ
1633,2223.486,0635-00,サザンドラ,,あく,ドラゴン,一般,,こだわりスカーフ,0376-00,メタグロス,,はがね,エスパー,一般,,メタグロスナイト,0730-00,アシレーヌ,,みず,フェアリー,一般,,しんぴのしずく,0450-00,カバルドン,,じめん,,一般,,たべのこし,0094-00,ゲンガー,,ゴースト,どく,一般,,ゲンガナイト,1018-00,ブリジュラス,,はがね,ドラゴン,一般,,オボンのみ
1913,2211.098,0257-00,バシャーモ,,ほのお,かくとう,一般,,バシャーモナイト,0658-00,ゲッコウガ,,みず,あく,一般,,きあいのタスキ,0130-00,ギャラドス,,みず,ひこう,一般,,ギャラドスナイト,1018-00,ブリジュラス,,はがね,ドラゴン,一般,,オボンのみ,0730-00,アシレーヌ,,みず,フェアリー,一般,,たべのこし,0778-00,ミミッキュ,ばけたすがた,ゴースト,フェアリー,一般,,いのちのたま
1952,2209.937,1000-00,サーフゴー,,はがね,ゴースト,一般,,いのちのたま,0080-00,ヤドラン,,みず,エスパー,一般,,ヤドランナイト,0670-05,フラエッテ,えいえんのはな,フェアリー,,一般,,フラエッテナイト,0227-00,エアームド,,はがね,ひこう,一般,,エアームドナイト,0887-00,ドラパルト,,ドラゴン,ゴースト,一般,,こだわりスカーフ,0939-00,ハラバリー,,でんき,,一般,,たべのこし
1983,2209.335,0727-00,ガオガエン,,ほのお,あく,一般,,くろいメガネ,1000-00,サーフゴー,,はがね,ゴースト,一般,,オボンのみ,0545-00,ペンドラー,,むし,どく,一般,,メンタルハーブ,0670-05,フラエッテ,えいえんのはな,フェアリー,,一般,,フラエッテナイト,0130-00,ギャラドス,,みず,ひこう,一般,,たべのこし,0445-00,ガブリアス,,ドラゴン,じめん,一般,,ガブリアスナイト
2015,2208.612,0952-00,スコヴィラン,,くさ,ほのお,一般,,スコヴィラナイト,1018-00,ブリジュラス,,はがね,ドラゴン,一般,,オボンのみ,0080-00,ヤドラン,,みず,エスパー,一般,,ヤドランナイト,0479-05,ロトム,カットロトム,でんき,くさ,一般,,たべのこし,0376-00,メタグロス,,はがね,エスパー,一般,,メタグロスナイト,0445-00,ガブリアス,,ドラゴン,じめん,一般,,こだわりスカーフ
2043,2208.026,0127-00,カイロス,,むし,,一般,,カイロスナイト,0637-00,ウルガモス,,むし,ほのお,一般,,ラムのみ,0666-18,ビビヨン,ファンシーなもよう,むし,ひこう,一般,,たべのこし,0212-00,ハッサム,,むし,はがね,一般,,いのちのたま,0545-00,ペンドラー,,むし,どく,一般,,きあいのタスキ,0752-00,オニシズクモ,,みず,むし,一般,,オボンのみ
2080,2207.150,0254-00,ジュカイン,,くさ,,一般,,ジュカインナイト,0450-00,カバルドン,,じめん,,一般,,オボンのみ,1000-00,サーフゴー,,はがね,ゴースト,一般,,たべのこし,0658-00,ゲッコウガ,,みず,あく,一般,,きあいのタスキ,0903-00,オオニューラ,,かくとう,どく,一般,,こだわりスカーフ,0036-00,ピクシー,,フェアリー,,一般,,ピクシナイト
2170,2205.244,0149-00,カイリュー,,ドラゴン,ひこう,一般,,カイリュナイト,0681-00,ギルガルド,シールドフォルム,はがね,ゴースト,一般,,たべのこし,0503-01,ダイケンキ,ヒスイのすがた,みず,あく,一般,,オボンのみ,0154-00,メガニウム,,くさ,,一般,,メガニウムナイト,0584-00,バイバニラ,,こおり,,一般,,とけないこおり,0903-00,オオニューラ,,かくとう,どく,一般,,きあいのタスキ
2293,2202.389,0257-00,バシャーモ,,ほのお,かくとう,一般,,バシャーモナイト,0149-00,カイリュー,,ドラゴン,ひこう,一般,,カイリュナイト,1000-00,サーフゴー,,はがね,ゴースト,一般,,シュカのみ,0503-01,ダイケンキ,ヒスイのすがた,みず,あく,一般,,こだわりスカーフ,0450-00,カバルドン,,じめん,,一般,,オボンのみ,0212-00,ハッサム,,むし,はがね,一般,,たべのこし
2401,2200.211,0260-00,ラグラージ,,みず,じめん,一般,,オボンのみ,0530-00,ドリュウズ,,じめん,はがね,一般,,こだわりスカーフ,0184-00,マリルリ,,みず,フェアリー,一般,,ラムのみ,0655-00,マフォクシー,,ほのお,エスパー,一般,,マフォクシナイト,0094-00,ゲンガー,,ゴースト,どく,一般,,ゲンガナイト,0197-00,ブラッキー,,あく,,一般,,たべのこし
2821,2171.376,0376-00,メタグロス,,はがね,エスパー,一般,,メタグロスナイト,0635-00,サザンドラ,,あく,ドラゴン,一般,,いのちのたま,0149-00,カイリュー,,ドラゴン,ひこう,一般,,たべのこし,0970-00,キラフロル,,いわ,どく,一般,,オボンのみ,0395-00,エンペルト,,みず,はがね,一般,,シュカのみ,0900-00,バサギリ,,むし,いわ,一般,,きあいのタスキ
2989,2164.076,0009-00,カメックス,,みず,,一般,,カメックスナイト,0376-00,メタグロス,,はがね,エスパー,一般,,メタグロスナイト,0911-00,ラウドボーン,,ほのお,ゴースト,一般,,カシブのみ,0445-00,ガブリアス,,ドラゴン,じめん,一般,,こだわりスカーフ,0184-00,マリルリ,,みず,フェアリー,一般,,オボンのみ,0460-00,ユキノオー,,くさ,こおり,一般,,きあいのタスキ
3167,2157.232,0450-00,カバルドン,,じめん,,一般,,たべのこし,0376-00,メタグロス,,はがね,エスパー,一般,,メタグロスナイト,0655-00,マフォクシー,,ほのお,エスパー,一般,,マフォクシナイト,0778-00,ミミッキュ,ばけたすがた,ゴースト,フェアリー,一般,,いのちのたま,0730-00,アシレーヌ,,みず,フェアリー,一般,,しんぴのしずく,1018-00,ブリジュラス,,はがね,ドラゴン,一般,,オボンのみ
3220,2155.875,1000-00,サーフゴー,,はがね,ゴースト,一般,,こだわりスカーフ,0038-01,キュウコン,アローラのすがた,こおり,フェアリー,一般,,ひかりのねんど,0398-00,ムクホーク,,ノーマル,ひこう,一般,,ムクホークナイト,0445-00,ガブリアス,,ドラゴン,じめん,一般,,オボンのみ,0730-00,アシレーヌ,,みず,フェアリー,一般,,たべのこし,0655-00,マフォクシー,,ほのお,エスパー,一般,,マフォクシナイト
3316,2152.810,0545-00,ペンドラー,,むし,どく,一般,,たべのこし,0149-00,カイリュー,,ドラゴン,ひこう,一般,,カイリュナイト,0036-00,ピクシー,,フェアリー,,一般,,ピクシナイト,0460-00,ユキノオー,,くさ,こおり,一般,,ラムのみ,1018-00,ブリジュラス,,はがね,ドラゴン,一般,,ピントレンズ,0560-00,ズルズキン,,あく,かくとう,一般,,ズルズキナイト
3318,2152.766,0303-00,クチート,,はがね,フェアリー,一般,,クチートナイト,0778-00,ミミッキュ,ばけたすがた,ゴースト,フェアリー,一般,,いのちのたま,0658-00,ゲッコウガ,,みず,あく,一般,,きあいのタスキ,0970-00,キラフロル,,いわ,どく,一般,,キラフロルナイト,0479-02,ロトム,ウォッシュロトム,でんき,みず,一般,,オボンのみ,0376-00,メタグロス,,はがね,エスパー,一般,,メタグロスナイト
3649,2141.175,0143-00,カビゴン,,ノーマル,,一般,,たべのこし,0038-01,キュウコン,アローラのすがた,こおり,フェアリー,一般,,こだわりスカーフ,0149-00,カイリュー,,ドラゴン,ひこう,一般,,カイリュナイト,0730-00,アシレーヌ,,みず,フェアリー,一般,,いのちのたま,0445-00,ガブリアス,,ドラゴン,じめん,一般,,きあいのタスキ,0212-00,ハッサム,,むし,はがね,一般,,ハッサムナイト
3964,2132.297,0257-00,バシャーモ,,ほのお,かくとう,一般,,バシャーモナイト,0670-05,フラエッテ,えいえんのはな,フェアリー,,一般,,フラエッテナイト,0908-00,マスカーニャ,,くさ,あく,一般,,こだわりスカーフ,0681-00,ギルガルド,シールドフォルム,はがね,ゴースト,一般,,たべのこし,0823-00,アーマーガア,,ひこう,はがね,一般,,オボンのみ,0149-00,カイリュー,,ドラゴン,ひこう,一般,,ラムのみ
4047,2130.063,0428-00,ミミロップ,,ノーマル,,一般,,ミミロップナイト,1018-00,ブリジュラス,,はがね,ドラゴン,一般,,ピントレンズ,0778-00,ミミッキュ,ばけたすがた,ゴースト,フェアリー,一般,,いのちのたま,0956-00,クエスパトラ,,エスパー,,一般,,きあいのタスキ,0666-18,ビビヨン,ファンシーなもよう,むし,ひこう,一般,,たべのこし,0658-00,ゲッコウガ,,みず,あく,一般,,ゲッコウガナイト
5214,2110.980,0428-00,ミミロップ,,ノーマル,,一般,,ミミロップナイト,0121-00,スターミー,,みず,エスパー,一般,,スターミナイト,0637-00,ウルガモス,,むし,ほのお,一般,,オボンのみ,0730-00,アシレーヌ,,みず,フェアリー,一般,,ラムのみ,0445-00,ガブリアス,,ドラゴン,じめん,一般,,こだわりスカーフ,0681-00,ギルガルド,シールドフォルム,はがね,ゴースト,一般,,きあいのタスキ
5656,2107.686,0260-00,ラグラージ,,みず,じめん,一般,,ラグラージナイト,0257-00,バシャーモ,,ほのお,かくとう,一般,,バシャーモナイト,0279-00,ペリッパー,,みず,ひこう,一般,,しめったいわ,1018-00,ブリジュラス,,はがね,ドラゴン,一般,,シュカのみ,0038-01,キュウコン,アローラのすがた,こおり,フェアリー,一般,,ひかりのねんど,0445-00,ガブリアス,,ドラゴン,じめん,一般,,オボンのみ
5962,2105.421,0445-00,ガブリアス,,ドラゴン,じめん,一般,,こだわりスカーフ,0823-00,アーマーガア,,ひこう,はがね,一般,,たべのこし,0006-00,リザードン,,ほのお,ひこう,一般,,リザードナイトＹ,0398-00,ムクホーク,,ノーマル,ひこう,一般,,ムクホークナイト,1018-00,ブリジュラス,,はがね,ドラゴン,一般,,オボンのみ,0658-00,ゲッコウガ,,みず,あく,一般,,きあいのタスキ
6126,2104.254,0970-00,キラフロル,,いわ,どく,一般,,キラフロルナイト,0450-00,カバルドン,,じめん,,一般,,オボンのみ,0130-00,ギャラドス,,みず,ひこう,一般,,たべのこし,0257-00,バシャーモ,,ほのお,かくとう,一般,,バシャーモナイト,0778-00,ミミッキュ,ばけたすがた,ゴースト,フェアリー,一般,,いのちのたま,0479-02,ロトム,ウォッシュロトム,でんき,みず,一般,,こだわりスカーフ
6566,2101.354,1018-00,ブリジュラス,,はがね,ドラゴン,一般,,カゴのみ,0036-00,ピクシー,,フェアリー,,一般,,ピクシナイト,0861-00,オーロンゲ,,あく,フェアリー,一般,,ひかりのねんど,0510-00,レパルダス,,あく,,一般,,オボンのみ,0956-00,クエスパトラ,,エスパー,,一般,,メンタルハーブ,0571-01,ゾロアーク,ヒスイのすがた,ノーマル,ゴースト,一般,,きあいのタスキ
6694,2100.600,1018-00,ブリジュラス,,はがね,ドラゴン,一般,,オボンのみ,0778-00,ミミッキュ,ばけたすがた,ゴースト,フェアリー,一般,,いのちのたま,0197-00,ブラッキー,,あく,,一般,,たべのこし,0655-00,マフォクシー,,ほのお,エスパー,一般,,マフォクシナイト,0376-00,メタグロス,,はがね,エスパー,一般,,メタグロスナイト,0445-00,ガブリアス,,ドラゴン,じめん,一般,,こだわりスカーフ
